week_start,kalenderwoche,MESSRAUM,total_forecast,room_share,room_forecast,seasonal_factor,years_observed,confidence,messraum,available_hours,hours_per_service,capacity_history_weeks,forecast_workload_hours,forecast_capacity_services,load_pct,status,capacity_confidence,bottleneck_rank
2027-01-04,1,MR1,6506.0,0.010665614113321478,69.39048542126953,1.0899430920012647,1,LOW,MR1,106.61,5.663263549382716,13.0,392.9766067602485,18.824834668275376,368.61139364060455,HIGH,HIGH,1.0
2027-01-04,1,MR11,6506.0,0.0609519768631088,396.5535614713858,0.8859436135869294,1,LOW,MR11,76.5,0.26795746527777775,13.0,106.25948717874797,285.4930722706172,138.90129042973592,HIGH,HIGH,2.0
2027-01-04,1,MR7,6506.0,0.5584430883157205,3633.230732582078,0.9142253090505097,1,LOW,MR7,269.0,0.09482124222436723,13.0,344.5074513511804,2836.91706298773,128.06968451716745,HIGH,HIGH,3.0
2027-01-04,1,MR5,6506.0,0.15065637324854686,980.1703643550459,0.8976204244953936,1,LOW,MR5,229.5,0.2931391912262873,13.0,287.32634787101347,782.904527504269,125.19666573900369,HIGH,HIGH,4.0
2027-01-04,1,MR4,6506.0,0.005457994375772856,35.5097114087782,0.8683691077747521,1,LOW,MR4,38.0,0.8674575138888889,13.0,30.803165977570654,43.80618000487728,81.06096309887015,OK,HIGH,5.0
2027-01-04,1,MR3,6506.0,0.060240732462160496,391.9262053988162,0.9045509802917135,1,LOW,MR3,146.3,0.2787262201058201,13.0,109.2401097912293,524.8878270026277,74.66856445060101,OK,HIGH,6.0
2027-01-04,1,MR2,6506.0,0.029990967099036026,195.12123194632838,0.8706448734296652,1,LOW,MR2,192.0,0.43565317973856205,13.0,85.00518513192345,440.7175453538989,44.2735339228768,OK,HIGH,7.0
2027-01-04,1,MR6,6506.0,0.10871749681204637,707.3160342591736,0.9406712460925302,1,LOW,MR6,154.0,0.09611902077151334,13.0,67.98652458898195,1602.1802840259559,44.14709388894932,OK,HIGH,8.0
2027-01-04,1,MR8,6506.0,0.006059303401134279,39.42182792777962,0.85,1,LOW,MR8,30.8,0.0878110477582846,7.0,3.4616720148851337,350.7531317105159,11.239194853523161,OK,HIGH,9.0
2027-01-04,1,MR9,6506.0,0.003833433674644578,24.940319487237623,0.8501489871020758,1,LOW,MR9,122.8,0.1485112007168459,13.0,3.70391679331141,826.87365940925,3.0162188870614086,OK,HIGH,10.0
2027-01-04,1,MR12,6506.0,0.0030655025790238505,19.944159779129173,0.85,1,LOW,,,,,,,,NO_DATA,LOW,
2027-01-04,1,MR14,6506.0,0.001917517055483952,12.475365962978591,0.85,1,LOW,,,,,,,,NO_DATA,LOW,
2027-01-11,2,MR1,6422.0,0.011750505066503658,75.46174353708649,1.0008322029922594,3,HIGH,MR1,106.61,5.663263549382716,13.0,427.3597415464487,18.824834668275376,400.86271601768004,HIGH,HIGH,1.0
2027-01-11,2,MR7,6422.0,0.5937033889869268,3812.7631640740437,0.8100850697765681,3,HIGH,MR7,269.0,0.09482124222436723,13.0,361.53093952480975,2836.91706298773,134.39811878245715,HIGH,HIGH,2.0
2027-01-11,2,MR5,6422.0,0.139312270886026,894.663403630059,0.6918012929485401,3,HIGH,MR5,229.5,0.2931391912262873,13.0,262.2609065598729,782.904527504269,114.27490481911676,HIGH,HIGH,3.0
2027-01-11,2,MR11,6422.0,0.04796107539585911,308.0060261922072,0.5810238754125207,3,HIGH,MR11,76.5,0.26795746527777775,13.0,82.53251406874466,285.4930722706172,107.88563930554858,TIGHT,HIGH,4.0
2027-01-11,2,MR3,6422.0,0.061519221014447005,395.07643735477865,0.7699108015967252,3,HIGH,MR3,146.3,0.2787262201058201,13.0,110.11816203677128,524.8878270026277,75.26873686723941,OK,HIGH,5.0
2027-01-11,2,MR4,6422.0,0.004278975149854291,27.47957841236426,0.56741109784334,3,HIGH,MR4,38.0,0.8674575138888889,13.0,23.837366772304282,43.80618000487728,62.729912558695474,OK,HIGH,6.0
2027-01-11,2,MR2,6422.0,0.026911281789758875,172.82425165383148,0.6511360502170944,3,HIGH,MR2,192.0,0.43565317973856205,13.0,75.29143476892912,440.7175453538989,39.21428894215058,OK,HIGH,7.0
2027-01-11,2,MR6,6422.0,0.09447643705351613,606.7276787576806,0.6813161936162239,3,HIGH,MR6,154.0,0.09611902077151334,13.0,58.318070357161574,1602.1802840259559,37.868876855299725,OK,HIGH,8.0
2027-01-11,2,MR8,6422.0,0.011140240137251924,71.54262216143185,1.3024994826460927,3,HIGH,MR8,30.8,0.0878110477582846,7.0,6.282232611370403,350.7531317105159,20.396859127825984,OK,HIGH,9.0
2027-01-11,2,MR9,6422.0,0.00542972980898865,34.86972483332511,1.0036264246668334,3,HIGH,MR9,122.8,0.1485112007168459,13.0,5.178544703663131,826.87365940925,4.217055947608412,OK,HIGH,10.0
2027-01-11,2,MR12,6422.0,0.0021635452570986135,13.894287641087296,0.5,3,HIGH,,,,,,,,NO_DATA,LOW,
2027-01-11,2,MR14,6422.0,0.0013533294537690635,8.691081752104926,0.5,3,HIGH,,,,,,,,NO_DATA,LOW,
2027-01-18,3,MR1,6164.0,0.006519507849493302,40.186246384276714,0.7253923898299899,3,HIGH,MR1,106.61,5.663263549382716,13.0,227.58530433458728,18.824834668275376,213.4746312115067,HIGH,HIGH,1.0
2027-01-18,3,MR11,6164.0,0.06945422579666108,428.1158478106189,1.0991505629968998,3,HIGH,MR11,76.5,0.26795746527777775,13.0,114.7168374245803,285.4930722706172,149.95665022820955,HIGH,HIGH,2.0
2027-01-18,3,MR5,6164.0,0.17289295577202987,1065.7121793787921,1.1215605954622476,3,HIGH,MR5,229.5,0.2931391912262873,13.0,312.40200634310315,782.904527504269,136.12287858087285,HIGH,HIGH,3.0
2027-01-18,3,MR7,6164.0,0.5508793927790501,3395.6205770900647,0.9819086194266354,3,HIGH,MR7,269.0,0.09482124222436723,13.0,321.97696124230265,2836.91706298773,119.69403763654374,HIGH,HIGH,4.0
2027-01-18,3,MR4,6164.0,0.005216011423929869,32.15149441710371,0.903545528680229,3,HIGH,MR4,38.0,0.8674575138888889,13.0,27.890055414873277,43.80618000487728,73.39488267071916,OK,HIGH,5.0
2027-01-18,3,MR3,6164.0,0.059804882782141994,368.63729746912327,0.9777316509254721,3,HIGH,MR3,146.3,0.2787262201058201,13.0,102.74888051359353,524.8878270026277,70.23163398058341,OK,HIGH,6.0
2027-01-18,3,MR6,6164.0,0.10017202070060705,617.4603355985419,0.9436807263712097,3,HIGH,MR6,154.0,0.09611902077151334,13.0,59.34968282298184,1602.1802840259559,38.53875507985834,OK,HIGH,7.0
2027-01-18,3,MR2,6164.0,0.025430493697239133,156.75356314978202,0.8037955438135134,3,HIGH,MR2,192.0,0.43565317973856205,13.0,68.29018822155203,440.7175453538989,35.56780636539168,OK,HIGH,8.0
2027-01-18,3,MR8,6164.0,0.0038111085005117108,23.491672797154184,0.5820868199449217,3,HIGH,MR8,30.8,0.0878110477582846,7.0,2.0628284019129013,350.7531317105159,6.697494811405523,OK,HIGH,9.0
2027-01-18,3,MR9,6164.0,0.002934765621533549,18.089895291132795,0.7086319625567186,3,HIGH,MR9,122.8,0.1485112007168459,13.0,2.686552070528148,826.87365940925,2.1877459857721075,OK,HIGH,10.0
2027-01-18,3,MR12,6164.0,0.0016994036851180614,10.475124315067731,0.513043301318574,3,HIGH,,,,,,,,NO_DATA,LOW,
2027-01-18,3,MR14,6164.0,0.0011852313916842433,7.305766298341676,0.5720356056027398,3,HIGH,,,,,,,,NO_DATA,LOW,
2027-01-25,4,MR1,6011.0,0.011538737710320697,69.3593523767377,1.113602337511346,3,HIGH,MR1,106.61,5.663263549382716,13.0,392.80029212397005,18.824834668275376,368.44601080946444,HIGH,HIGH,1.0
2027-01-25,4,MR11,6011.0,0.07215347134966167,433.7145162828163,0.990442783857943,3,HIGH,MR11,76.5,0.26795746527777775,13.0,116.21704243732093,285.4930722706172,151.91770253244565,HIGH,HIGH,2.0
2027-01-25,4,MR5,6011.0,0.15892433459230498,955.2941752343453,0.8942305343811445,3,HIGH,MR5,229.5,0.2931391912262873,13.0,280.03416191137916,782.904527504269,122.01924266291032,HIGH,HIGH,3.0
2027-01-25,4,MR7,6011.0,0.5048164190578966,3034.4514949570166,0.7804798003177255,3,HIGH,MR7,269.0,0.09482124222436723,13.0,287.73046022141256,2836.91706298773,106.9629963648374,TIGHT,HIGH,4.0
2027-01-25,4,MR3,6011.0,0.09261540197802896,556.7111812899321,1.3133482411480153,3,HIGH,MR3,146.3,0.2787262201058201,13.0,155.17000325158875,524.8878270026277,106.0628867064858,TIGHT,HIGH,5.0
2027-01-25,4,MR4,6011.0,0.006851225849479451,41.18271858122098,1.0294219903598316,3,HIGH,MR4,38.0,0.8674575138888889,13.0,35.724258675651704,43.80618000487728,94.0112070411887,TIGHT,HIGH,6.0
2027-01-25,4,MR6,6011.0,0.11208538792009613,673.7452667876978,0.9158857452753791,3,HIGH,MR6,154.0,0.09611902077151334,13.0,64.75973529307552,1602.1802840259559,42.051776164334754,OK,HIGH,7.0
2027-01-25,4,MR2,6011.0,0.026946865325760905,161.9776074731488,0.7387758742800126,3,HIGH,MR2,192.0,0.43565317973856205,13.0,70.56605974212194,440.7175453538989,36.753156115688505,OK,HIGH,8.0
2027-01-25,4,MR8,6011.0,0.005290115365026164,31.798883459172274,0.7008341336842496,3,HIGH,MR8,30.8,0.0878110477582846,7.0,2.792293274093503,350.7531317105159,9.065887253550335,OK,HIGH,9.0
2027-01-25,4,MR9,6011.0,0.004350895819850948,26.153234773124048,0.9112544213798277,3,HIGH,MR9,122.8,0.1485112007168459,13.0,3.8840482987862193,826.87365940925,3.162905780770537,OK,HIGH,10.0
2027-01-25,4,MR12,6011.0,0.0032327817642218704,19.432251184737662,0.8465400381809303,3,HIGH,,,,,,,,NO_DATA,LOW,
2027-01-25,4,MR14,6011.0,0.0011943632673515586,7.179317600050219,0.5,3,HIGH,,,,,,,,NO_DATA,LOW,
2027-02-01,5,MR1,6286.0,0.008722906341841006,54.83218926481256,0.9468924969149338,3,HIGH,MR1,106.61,5.663263549382716,13.0,310.52913879626726,18.824834668275376,291.2758078944445,HIGH,HIGH,1.0
2027-02-01,5,MR11,6286.0,0.06570869001417647,413.04482542911325,1.0145246520138507,3,HIGH,MR11,76.5,0.26795746527777775,13.0,110.67844446808739,285.4930722706172,144.67770518704236,HIGH,HIGH,2.0
2027-02-01,5,MR7,6286.0,0.6036980701316339,3794.8460688474506,1.04982187187889,3,HIGH,MR7,269.0,0.09482124222436723,13.0,359.8320182983719,2836.91706298773,133.7665495532981,HIGH,HIGH,3.0
2027-02-01,5,MR5,6286.0,0.12009672538234843,754.9280157534422,0.7600775280636826,3,HIGH,MR5,229.5,0.2931391912262873,13.0,221.29898797202992,782.904527504269,96.42657427975159,TIGHT,HIGH,4.0
2027-02-01,5,MR4,6286.0,0.004909935797605342,30.86385642374718,0.8297907777664517,3,HIGH,MR4,38.0,0.8674575138888889,13.0,26.773084162367343,43.80618000487728,70.4554846378088,OK,HIGH,5.0
2027-02-01,5,MR3,6286.0,0.05370434053094165,337.5854845774992,0.8565913846873717,3,HIGH,MR3,146.3,0.2787262201058201,13.0,94.09392607887797,524.8878270026277,64.31573894660147,OK,HIGH,6.0
2027-02-01,5,MR6,6286.0,0.10626630789244215,667.9900114118914,0.9766872664225085,3,HIGH,MR6,154.0,0.09611902077151334,13.0,64.20654578206302,1602.1802840259559,41.69256219614482,OK,HIGH,7.0
2027-02-01,5,MR2,6286.0,0.0213409886153325,134.1494544359801,0.6580920132296617,3,HIGH,MR2,192.0,0.43565317973856205,13.0,58.44263638522807,440.7175453538989,30.438873117306287,OK,HIGH,8.0
2027-02-01,5,MR8,6286.0,0.007681734918738839,48.28738569919234,1.144661438296924,3,HIGH,MR8,30.8,0.0878110477582846,7.0,4.240165931754488,350.7531317105159,13.76677250569639,OK,HIGH,9.0
2027-02-01,5,MR9,6286.0,0.003978896166180766,25.011341300612298,0.9373271642430955,3,HIGH,MR9,122.8,0.1485112007168459,13.0,3.7144643280927703,826.87365940925,3.0248080847660996,OK,HIGH,10.0
2027-02-01,5,MR12,6286.0,0.002583437452451634,16.23948782611097,0.7609159723558226,3,HIGH,,,,,,,,NO_DATA,LOW,
2027-02-01,5,MR14,6286.0,0.001307966756307293,8.221879030147644,0.6158825587683303,3,HIGH,,,,,,,,NO_DATA,LOW,
2027-02-08,6,MR1,6073.0,0.008935274617915684,54.26392275460195,0.879981744566714,3,HIGH,MR1,106.61,5.663263549382716,13.0,307.3108957826566,18.824834668275376,288.2571013813494,HIGH,HIGH,1.0
2027-02-08,6,MR7,6073.0,0.5761190924431228,3498.7712484070844,0.908938269464491,3,HIGH,MR7,269.0,0.09482124222436723,13.0,331.75783603285987,2836.91706298773,123.33005056983639,HIGH,HIGH,2.0
2027-02-08,6,MR11,6073.0,0.056165737092569425,341.0945213631741,0.7867514469473473,3,HIGH,MR11,76.5,0.26795746527777775,13.0,91.39882336461295,285.4930722706172,119.47558609753327,HIGH,HIGH,3.0
2027-02-08,6,MR5,6073.0,0.146648472578207,890.5961739674511,0.8420358127242841,3,HIGH,MR5,229.5,0.2931391912262873,13.0,261.06864214604445,782.904527504269,113.75539962790609,HIGH,HIGH,4.0
2027-02-08,6,MR4,6073.0,0.005873948489565095,35.672489177128824,0.900635821525826,3,HIGH,MR4,38.0,0.8674575138888889,13.0,30.944368775820468,43.80618000487728,81.43254941005387,OK,HIGH,5.0
2027-02-08,6,MR3,6073.0,0.05967485992639199,362.40542433297855,0.8635391157151737,3,HIGH,MR3,146.3,0.2787262201058201,13.0,101.01189407017691,524.8878270026277,69.04435684906144,OK,HIGH,6.0
2027-02-08,6,MR2,6073.0,0.03404790821344106,206.77294658022754,0.9525522642692934,3,HIGH,MR2,192.0,0.43565317973856205,13.0,90.08129166158795,440.7175453538989,46.91733940707706,OK,HIGH,7.0
2027-02-08,6,MR6,6073.0,0.09906054537287746,601.5946920494848,0.8260131109027232,3,HIGH,MR6,154.0,0.09611902077151334,13.0,57.8246927011366,1602.1802840259559,37.5485017539848,OK,HIGH,8.0
2027-02-08,6,MR8,6073.0,0.00532865148689912,32.36090047993836,0.7203794989891701,3,HIGH,MR8,30.8,0.0878110477582846,7.0,2.8416445775449626,350.7531317105159,9.226118758262865,OK,HIGH,9.0
2027-02-08,6,MR9,6073.0,0.0036084094978415912,21.913870880391983,0.7712065454285613,3,HIGH,MR9,122.8,0.1485112007168459,13.0,3.2544552768009383,826.87365940925,2.6502078801310573,OK,HIGH,10.0
2027-02-08,6,MR12,6073.0,0.0023596927351985384,14.330413980860724,0.6305514036671451,3,HIGH,,,,,,,,NO_DATA,LOW,
2027-02-08,6,MR14,6073.0,0.0021774075459703463,13.223396026677912,0.9301804667536131,3,HIGH,,,,,,,,NO_DATA,LOW,
2027-02-15,7,MR1,6068.0,0.009712808835837198,58.93732401586011,1.012740048749146,3,HIGH,MR1,106.61,5.663263549382716,13.0,333.7775987971791,18.824834668275376,313.0828241226706,HIGH,HIGH,1.0
2027-02-15,7,MR4,6068.0,0.010658071740853026,64.67317932349616,1.7301553785440724,3,HIGH,MR4,38.0,0.8674575138888889,13.0,56.101235351250274,43.80618000487728,147.63482987171125,HIGH,HIGH,2.0
2027-02-15,7,MR5,6068.0,0.16032773905296063,972.8687205733651,0.9746508647784738,3,HIGH,MR5,229.5,0.2931391912262873,13.0,285.18594991822914,782.904527504269,124.26403046545933,HIGH,HIGH,3.0
2027-02-15,7,MR7,6068.0,0.5637546735421795,3420.863359053945,0.9416720099782199,3,HIGH,MR7,269.0,0.09482124222436723,13.0,324.3705131853166,2836.91706298773,120.5838338978872,HIGH,HIGH,4.0
2027-02-15,7,MR11,6068.0,0.053694240199770295,325.81664953220616,0.7963081747837392,3,HIGH,MR11,76.5,0.26795746527777775,13.0,87.30500355394801,285.4930722706172,114.12418765221963,HIGH,HIGH,5.0
2027-02-15,7,MR3,6068.0,0.07800334283022117,473.32428429378206,1.1950641167282274,3,HIGH,MR3,146.3,0.2787262201058201,13.0,131.92788864549846,524.8878270026277,90.17627385201534,TIGHT,HIGH,6.0
2027-02-15,7,MR2,6068.0,0.03094360824817533,187.7658148499279,0.9165511732576856,3,HIGH,MR2,192.0,0.43565317973856205,13.0,81.8007742855732,440.7175453538989,42.60456994040271,OK,HIGH,7.0
2027-02-15,7,MR6,6068.0,0.07873121788006195,477.74103009621587,0.6950572550643699,3,HIGH,MR6,154.0,0.09611902077151334,13.0,45.919999995222355,1602.1802840259559,29.818181815079452,OK,HIGH,8.0
2027-02-15,7,MR8,6068.0,0.006292961735552657,38.18569181133352,0.9007131524628699,3,HIGH,MR8,30.8,0.0878110477582846,7.0,3.353125607328145,350.7531317105159,10.886771452364107,OK,HIGH,9.0
2027-02-15,7,MR9,6068.0,0.003106448182791821,18.84992757318077,0.702920790310479,3,HIGH,MR9,122.8,0.1485112007168459,13.0,2.7994253773186575,826.87365940925,2.2796623593800143,OK,HIGH,10.0
2027-02-15,7,MR14,6068.0,0.002665164557944136,16.172218537605016,1.2054214248603026,3,HIGH,,,,,,,,NO_DATA,LOW,
2027-02-15,7,MR12,6068.0,0.0021097231936524335,12.801800339082966,0.5968674618560668,3,HIGH,,,,,,,,NO_DATA,LOW,
2027-02-22,8,MR1,6381.0,0.012642550693070439,80.67211597248247,1.4818949955636238,3,HIGH,MR1,106.61,5.663263549382716,13.0,456.8674538385352,18.824834668275376,428.54090032692545,HIGH,HIGH,1.0
2027-02-22,8,MR11,6381.0,0.07420134062018097,473.4787544973747,1.2370715215448274,3,HIGH,MR11,76.5,0.26795746527777775,13.0,126.87216691799574,285.4930722706172,165.84596982744543,HIGH,HIGH,2.0
2027-02-22,8,MR4,6381.0,0.011271535101737517,71.9236654841871,2.056928142884187,3,HIGH,MR4,38.0,0.8674575138888889,13.0,62.39072405068903,43.80618000487728,164.18611592286587,HIGH,HIGH,3.0
2027-02-22,8,MR7,6381.0,0.5377125379148654,3431.1437044347563,1.0096927876222137,3,HIGH,MR7,269.0,0.09482124222436723,13.0,325.3453083048207,2836.91706298773,120.94621126573261,HIGH,HIGH,4.0
2027-02-22,8,MR5,6381.0,0.1369784386862265,874.0594172568113,0.9360999033493145,3,HIGH,MR5,229.5,0.2931391912262873,13.0,256.2210706583817,782.904527504269,111.64316804286783,HIGH,HIGH,5.0
2027-02-22,8,MR3,6381.0,0.0732367610288771,467.32377212526484,1.2613531756741776,3,HIGH,MR3,146.3,0.2787262201058201,13.0,130.25538857006867,524.8878270026277,89.03307489410025,OK,HIGH,6.0
2027-02-22,8,MR6,6381.0,0.10610404805479288,677.0499306376335,1.0530164339993584,3,HIGH,MR6,154.0,0.09611902077151334,13.0,65.07737634631036,1602.1802840259559,42.25803658851322,OK,HIGH,7.0
2027-02-22,8,MR2,6381.0,0.028656510486038046,182.8571934114088,0.9541983318524201,3,HIGH,MR2,192.0,0.43565317973856205,13.0,79.66231774774947,440.7175453538989,41.490790493619514,OK,HIGH,8.0
2027-02-22,8,MR8,6381.0,0.011271650325686045,71.92440072820266,1.8136292243936347,3,HIGH,MR8,30.8,0.0878110477582846,7.0,6.315756987330204,350.7531317105159,20.505704504318842,OK,HIGH,9.0
2027-02-22,8,MR9,6381.0,0.004164145602726286,26.57141309099643,1.0592482761084712,3,HIGH,MR9,122.8,0.1485112007168459,13.0,3.9461524628871976,826.87365940925,3.213479204305535,OK,HIGH,10.0
2027-02-22,8,MR12,6381.0,0.0022259681078151644,14.203902495968563,0.7079473310345847,3,HIGH,,,,,,,,NO_DATA,LOW,
2027-02-22,8,MR14,6381.0,0.00153451337798356,9.791729864913096,0.7802165176914676,3,HIGH,,,,,,,,NO_DATA,LOW,
2027-03-01,9,MR1,5209.0,0.006474731956435408,33.726878761072044,0.7100823024282786,3,HIGH,MR1,106.61,5.663263549382716,13.0,191.0042031220294,18.824834668275376,179.1616200375475,HIGH,HIGH,1.0
2027-03-01,9,MR5,5209.0,0.17731993632862686,923.6595483358174,1.1337876509329097,3,HIGH,MR5,229.5,0.2931391912262873,13.0,270.7608129675993,782.904527504269,117.97856774187332,HIGH,HIGH,2.0
2027-03-01,9,MR7,5209.0,0.5215566194223232,2716.7884305708817,0.9163148389676108,3,HIGH,MR7,269.0,0.09482124222436723,13.0,257.60925384752005,2836.91706298773,95.76552187640151,TIGHT,HIGH,3.0
2027-03-01,9,MR11,5209.0,0.05175469992440948,269.59023190624896,0.8073038417545877,3,HIGH,MR11,76.5,0.26795746527777775,13.0,72.23871520524676,285.4930722706172,94.42969307875394,TIGHT,HIGH,4.0
2027-03-01,9,MR4,5209.0,0.006038001442444247,31.451949513692085,1.0309400984403898,3,HIGH,MR4,38.0,0.8674575138888889,13.0,27.283229932106185,43.80618000487728,71.79797350554259,OK,HIGH,5.0
2027-03-01,9,MR3,5209.0,0.06026419777358073,313.91620620258203,0.9711160294114274,3,HIGH,MR3,146.3,0.2787262201058201,13.0,87.49667758480489,524.8878270026277,59.80634147970258,OK,HIGH,6.0
2027-03-01,9,MR2,5209.0,0.047675244942341204,248.34035090465534,1.4852940727050745,3,HIGH,MR2,192.0,0.43565317973856205,13.0,108.19026352900339,440.7175453538989,56.3490955880226,OK,HIGH,7.0
2027-03-01,9,MR6,5209.0,0.11166156195702982,581.6450762341683,1.0368383718390186,3,HIGH,MR6,154.0,0.09611902077151334,13.0,55.90715516420048,1602.1802840259559,36.30334750922109,OK,HIGH,8.0
2027-03-01,9,MR8,5209.0,0.008057879624334217,41.97349496315694,1.2130702168641454,3,HIGH,MR8,30.8,0.0878110477582846,7.0,3.6857365707918923,350.7531317105159,11.966677177895754,OK,HIGH,9.0
2027-03-01,9,MR9,5209.0,0.004486105742407515,23.368124812200744,1.067690878559434,3,HIGH,MR9,122.8,0.1485112007168459,13.0,3.4704282743610517,826.87365940925,2.826081656645808,OK,HIGH,10.0
2027-03-01,9,MR12,5209.0,0.003628604073174666,18.901398617166837,1.0797563375904577,3,HIGH,,,,,,,,NO_DATA,LOW,
2027-03-01,9,MR14,5209.0,0.0010824168128924542,5.638309178356794,0.5149240279500801,3,HIGH,,,,,,,,NO_DATA,LOW,
2027-03-08,10,MR1,5819.0,0.00862251382591229,50.174407952983614,0.8957879922082955,3,HIGH,MR1,106.61,5.663263549382716,13.0,284.1508956719903,18.824834668275376,266.53306038081826,HIGH,HIGH,1.0
2027-03-08,10,MR4,5819.0,0.009385275921844807,54.61292058921494,1.5179997742860887,3,HIGH,MR4,38.0,0.8674575138888889,13.0,47.37438832053171,43.80618000487728,124.66944294876765,HIGH,HIGH,2.0
2027-03-08,10,MR5,5819.0,0.16084005935805526,935.9283054045236,0.974210537624259,3,HIGH,MR5,229.5,0.2931391912262873,13.0,274.35726649207163,782.904527504269,119.54564988761291,HIGH,HIGH,3.0
2027-03-08,10,MR11,5819.0,0.05676196211823843,330.29785756602945,0.8387433043527177,3,HIGH,MR11,76.5,0.26795746527777775,13.0,88.50577670007372,285.4930722706172,115.69382575173034,HIGH,HIGH,4.0
2027-03-08,10,MR7,5819.0,0.5352062823641235,3114.3653570768347,0.8907357905772225,3,HIGH,MR7,269.0,0.09482124222436723,13.0,295.3079918985605,2836.91706298773,109.77992263887006,TIGHT,HIGH,5.0
2027-03-08,10,MR2,5819.0,0.045082264448495744,262.3336968257967,1.3304840714597324,3,HIGH,MR2,192.0,0.43565317973856205,13.0,114.28650917473027,440.7175453538989,59.524223528505345,OK,HIGH,6.0
2027-03-08,10,MR3,5819.0,0.047649869558204126,277.2745909591898,0.7273742150746947,3,HIGH,MR3,146.3,0.2787262201058201,13.0,77.28369866944237,524.8878270026277,52.82549464760243,OK,HIGH,7.0
2027-03-08,10,MR6,5819.0,0.1210501560284648,704.3908579296367,1.0647733158135901,3,HIGH,MR6,154.0,0.09611902077151334,13.0,67.70535950460285,1602.1802840259559,43.96451915883302,OK,HIGH,8.0
2027-03-08,10,MR8,5819.0,0.003916172417828591,22.78820729934457,0.5584848693880367,3,HIGH,MR8,30.8,0.0878110477582846,7.0,2.001056359488436,350.7531317105159,6.496936232105312,OK,HIGH,9.0
2027-03-08,10,MR9,5819.0,0.005706024869319527,33.20335871457033,1.2864536067740897,3,HIGH,MR9,122.8,0.1485112007168459,13.0,4.931070670532988,826.87365940925,4.015529861997547,OK,HIGH,10.0
2027-03-08,10,MR12,5819.0,0.004525579004859009,26.334344229274574,1.2756888846136771,3,HIGH,,,,,,,,NO_DATA,LOW,
2027-03-08,10,MR14,5819.0,0.0012538400846541253,7.296095452602355,0.5650348315678977,3,HIGH,,,,,,,,NO_DATA,LOW,
2027-03-15,11,MR1,6075.0,0.011415647482644493,69.3500584570653,1.2508260838526104,3,HIGH,MR1,106.61,5.663263549382716,13.0,392.74765820745847,18.824834668275376,368.3966402846435,HIGH,HIGH,1.0
2027-03-15,11,MR11,6075.0,0.07137796123893385,433.6211145265231,1.1123996629518975,3,HIGH,MR11,76.5,0.26795746527777775,13.0,116.1920147394521,285.4930722706172,151.8849865875191,HIGH,HIGH,2.0
2027-03-15,11,MR7,6075.0,0.5346234123656569,3247.837230121366,0.9384274799862183,3,HIGH,MR7,269.0,0.09482124222436723,13.0,307.963960702656,2836.91706298773,114.4847437556342,HIGH,HIGH,3.0
2027-03-15,11,MR5,6075.0,0.1442065040967951,876.0545123880303,0.9212308849533632,3,HIGH,MR5,229.5,0.2931391912262873,13.0,256.80591123156665,782.904527504269,111.89800053663035,HIGH,HIGH,4.0
2027-03-15,11,MR2,6075.0,0.07258523241887758,440.95528694468135,2.2593175294546395,3,HIGH,MR2,192.0,0.43565317973856205,13.0,192.10357287998048,440.7175453538989,100.05394420832316,TIGHT,HIGH,5.0
2027-03-15,11,MR4,6075.0,0.005033369317819705,30.577718605754708,0.8586348312970541,3,HIGH,MR4,38.0,0.8674575138888889,13.0,26.524871762142002,43.80618000487728,69.80229411090001,OK,HIGH,6.0
2027-03-15,11,MR3,6075.0,0.04707431975865409,285.9764925338236,0.7578884371987122,3,HIGH,MR3,146.3,0.2787262201058201,13.0,79.70914680307294,524.8878270026277,54.48335393238069,OK,HIGH,7.0
2027-03-15,11,MR6,6075.0,0.09427468123549816,572.7186885056514,0.8746049291573417,3,HIGH,MR6,154.0,0.09611902077151334,13.0,55.04915951670858,1602.1802840259559,35.74620747838219,OK,HIGH,8.0
2027-03-15,11,MR8,6075.0,0.006820816392308756,41.43645958327569,1.0259141245575962,3,HIGH,MR8,30.8,0.0878110477582846,7.0,3.6385789314012515,350.7531317105159,11.813567959094973,OK,HIGH,9.0
2027-03-15,11,MR9,6075.0,0.004804466059225637,29.187131309795745,1.1424327414341349,3,HIGH,MR9,122.8,0.1485112007168459,13.0,4.334615916298013,826.87365940925,3.5298175214153202,OK,HIGH,10.0
2027-03-15,11,MR12,6075.0,0.006731598957264067,40.894463665379206,2.0013078448492743,3,HIGH,,,,,,,,NO_DATA,LOW,
2027-03-15,11,MR14,6075.0,0.0010519906763217233,6.390843358654469,0.5,3,HIGH,,,,,,,,NO_DATA,LOW,
2027-03-22,12,MR1,6068.0,0.008979887295517509,54.48995610920024,1.1336613872089585,3,HIGH,MR1,106.61,5.663263549382716,13.0,308.59098224069777,18.824834668275376,289.45782031769795,HIGH,HIGH,1.0
2027-03-22,12,MR5,6068.0,0.21037203220800296,1276.537491438162,1.5484162913793207,3,HIGH,MR5,229.5,0.2931391912262873,13.0,374.2031678102165,782.904527504269,163.05148924192437,HIGH,HIGH,2.0
2027-03-22,12,MR4,6068.0,0.011476527463412996,69.63956864799006,2.255673792430575,3,HIGH,MR4,38.0,0.8674575138888889,13.0,60.409367087680074,43.80618000487728,158.97201865178968,HIGH,HIGH,3.0
2027-03-22,12,MR11,6068.0,0.06868165982746234,416.7603118330415,1.2332569753487674,3,HIGH,MR11,76.5,0.26795746527777775,13.0,111.67403678715804,285.4930722706172,145.97913305510855,HIGH,HIGH,4.0
2027-03-22,12,MR7,6068.0,0.5093966080127458,3091.0186174213413,1.0302079115064111,3,HIGH,MR7,269.0,0.09482124222436723,13.0,293.09422504253774,2836.91706298773,108.95696098235604,TIGHT,HIGH,5.0
2027-03-22,12,MR3,6068.0,0.050143457075474705,304.2704975339805,0.930146999794331,3,HIGH,MR3,146.3,0.2787262201058201,13.0,84.80816566736364,524.8878270026277,57.96867099614739,OK,HIGH,6.0
2027-03-22,12,MR2,6068.0,0.03107163782173813,188.54269830230697,1.114318228527203,3,HIGH,MR2,192.0,0.43565317973856205,13.0,82.13922603188841,440.7175453538989,42.78084689160855,OK,HIGH,7.0
2027-03-22,12,MR6,6068.0,0.09555798111562791,579.8458294096301,1.021409522735468,3,HIGH,MR6,154.0,0.09611902077151334,13.0,55.73421332129962,1602.1802840259559,36.191047611233515,OK,HIGH,8.0
2027-03-22,12,MR8,6068.0,0.004250543047044581,25.792295209466516,0.7366058399970286,3,HIGH,MR8,30.8,0.0878110477582846,7.0,2.2648484664342394,350.7531317105159,7.353404111799479,OK,HIGH,9.0
2027-03-22,12,MR9,6068.0,0.004082923076143392,24.775177226038107,1.1185948051020043,3,HIGH,MR9,122.8,0.1485112007168459,13.0,3.6793913178115747,826.87365940925,2.996247001475224,OK,HIGH,10.0
2027-03-22,12,MR12,6068.0,0.00330308325238846,20.043109175493175,1.131439332277685,3,HIGH,,,,,,,,NO_DATA,LOW,
2027-03-22,12,MR14,6068.0,0.0026836598044411067,16.284447693348636,1.4696085292277676,3,HIGH,,,,,,,,NO_DATA,LOW,
2027-03-29,13,MR1,6340.0,0.006843049655217408,43.38493481407836,0.886219187582226,3,HIGH,MR1,106.61,5.663263549382716,13.0,245.7003199249152,18.824834668275376,230.466485249897,HIGH,HIGH,1.0
2027-03-29,13,MR11,6340.0,0.06767837247008535,429.0808814603411,1.246641824278714,3,HIGH,MR11,76.5,0.26795746527777775,13.0,114.97542539526762,285.4930722706172,150.2946737193041,HIGH,HIGH,2.0
2027-03-29,13,MR7,6340.0,0.56324455632001,3570.9704870688633,1.1685433375515004,3,HIGH,MR7,269.0,0.09482124222436723,13.0,338.60385753042334,2836.91706298773,125.87503997413508,HIGH,HIGH,3.0
2027-03-29,13,MR5,6340.0,0.13930411275792337,883.1880748852342,1.0518229847193485,3,HIGH,MR5,229.5,0.2931391912262873,13.0,258.8970379725592,782.904527504269,112.8091668725748,HIGH,HIGH,4.0
2027-03-29,13,MR4,6340.0,0.007518153598373837,47.66509381369013,1.515849121171965,3,HIGH,MR4,38.0,0.8674575138888889,13.0,41.3474437789043,43.80618000487728,108.80906257606395,TIGHT,HIGH,5.0
2027-03-29,13,MR3,6340.0,0.06500614530276838,412.13896121955156,1.2370029061254948,3,HIGH,MR3,146.3,0.2787262201058201,13.0,114.87393481906479,524.8878270026277,78.51943596655146,OK,HIGH,6.0
2027-03-29,13,MR2,6340.0,0.0316565588697142,200.702583233988,1.1646294877211534,3,HIGH,MR2,192.0,0.43565317973856205,13.0,87.4367185676303,440.7175453538989,45.53995758730744,OK,HIGH,7.0
2027-03-29,13,MR6,6340.0,0.10431020046454689,661.3266709452273,1.1437700111970304,3,HIGH,MR6,154.0,0.09611902077151334,13.0,63.56607202134007,1602.1802840259559,41.276670143727316,OK,HIGH,8.0
2027-03-29,13,MR8,6340.0,0.00484774977741057,30.734733588783016,0.8618068120917547,3,HIGH,MR8,30.8,0.0878110477582846,7.0,2.6988491590027794,350.7531317105159,8.762497269489543,OK,HIGH,9.0
2027-03-29,13,MR9,6340.0,0.004527866701033606,28.706674884553063,1.2725481439136803,3,HIGH,MR9,122.8,0.1485112007168459,13.0,4.263262755693099,826.87365940925,3.4717123417696247,OK,HIGH,10.0
2027-03-29,13,MR12,6340.0,0.003725523349419726,23.619818035321064,1.3091156970979534,3,HIGH,,,,,,,,NO_DATA,LOW,
2027-03-29,13,MR14,6340.0,0.0013377107334965285,8.48108605036799,0.7514764979694839,3,HIGH,,,,,,,,NO_DATA,LOW,
2027-04-05,14,MR1,6203.0,0.010301027224369255,63.89727187276249,0.9585877025690188,3,HIGH,MR1,106.61,5.663263549382716,13.0,361.8670907020133,18.824834668275376,339.43072010319224,HIGH,HIGH,1.0
2027-04-05,14,MR7,6203.0,0.5910817496725643,3666.4800932189164,0.8811609282652136,3,HIGH,MR7,269.0,0.09482124222436723,13.0,347.66019702993145,2836.91706298773,129.24170893306,HIGH,HIGH,2.0
2027-04-05,14,MR11,6203.0,0.05173243993285454,320.89632490349675,0.6847225173758689,3,HIGH,MR11,76.5,0.26795746527777775,13.0,85.98656583809522,285.4930722706172,112.40073965764081,HIGH,HIGH,3.0
2027-04-05,14,MR5,6203.0,0.136765231562649,848.3547313831117,0.7420177331879135,3,HIGH,MR5,229.5,0.2931391912262873,13.0,248.68601983063957,782.904527504269,108.35992149483205,TIGHT,HIGH,4.0
2027-04-05,14,MR3,6203.0,0.06269323870243051,388.8861596711765,0.8572290349537857,3,HIGH,MR3,146.3,0.2787262201058201,13.0,108.39276933661543,524.8878270026277,74.08938437225935,OK,HIGH,5.0
2027-04-05,14,MR2,6203.0,0.0405628519010381,251.61137034213934,1.0722904062031802,3,HIGH,MR2,192.0,0.43565317973856205,13.0,109.61529354792992,440.7175453538989,57.09129872288017,OK,HIGH,6.0
2027-04-05,14,MR4,6203.0,0.0035785245847866965,22.197587999431878,0.5184521122453437,3,HIGH,MR4,38.0,0.8674575138888889,13.0,19.25546450031701,43.80618000487728,50.67227500083425,OK,HIGH,7.0
2027-04-05,14,MR6,6203.0,0.09237202514489061,572.9836719737565,0.7278003355792153,3,HIGH,MR6,154.0,0.09611902077151334,13.0,55.07462946818349,1602.1802840259559,35.76274640791136,OK,HIGH,8.0
2027-04-05,14,MR8,6203.0,0.003914176596241145,24.279637426483824,0.5,3,HIGH,MR8,30.8,0.0878110477582846,7.0,2.1320204016108053,350.7531317105159,6.922144161074042,OK,HIGH,9.0
2027-04-05,14,MR9,6203.0,0.0032581406810076835,20.21024664429066,0.6579763478509414,3,HIGH,MR9,122.8,0.1485112007168459,13.0,3.0014479959272116,826.87365940925,2.4441758924488695,OK,HIGH,10.0
2027-04-05,14,MR12,6203.0,0.001980247176314999,12.28347323468194,0.5,3,HIGH,,,,,,,,NO_DATA,LOW,
2027-04-05,14,MR14,6203.0,0.0017603468208531607,10.919431329752156,0.7105772391343534,3,HIGH,,,,,,,,NO_DATA,LOW,
2027-04-12,15,MR1,6031.0,0.007515333909335361,45.32497880720156,0.7760007342967579,3,HIGH,MR1,106.61,5.663263549382716,13.0,256.6873003553687,18.824834668275376,240.77225434327798,HIGH,HIGH,1.0
2027-04-12,15,MR7,6031.0,0.5780622177505179,3486.2932352533735,0.9561913243611541,3,HIGH,MR7,269.0,0.09482124222436723,13.0,330.57465532513305,2836.91706298773,122.89020644056991,HIGH,HIGH,2.0
2027-04-12,15,MR11,6031.0,0.0501936713983683,302.71803220355923,0.7371623463985699,3,HIGH,MR11,76.5,0.26795746527777775,13.0,81.11555660314244,285.4930722706172,106.0334073243692,TIGHT,HIGH,3.0
2027-04-12,15,MR5,6031.0,0.1294534250235119,780.7336063168002,0.7793179102369843,3,HIGH,MR5,229.5,0.2931391912262873,13.0,228.8636179188894,782.904527504269,99.7227093328494,TIGHT,HIGH,4.0
2027-04-12,15,MR3,6031.0,0.06282042469704319,378.86998134786745,0.9531024093852333,3,HIGH,MR3,146.3,0.2787262201058201,13.0,105.60099781265366,524.8878270026277,72.18113315970858,OK,HIGH,5.0
2027-04-12,15,MR4,6031.0,0.004378774922867105,26.40839155981151,0.7039143160868488,3,HIGH,MR4,38.0,0.8674575138888889,13.0,22.908157688278408,43.80618000487728,60.28462549546949,OK,HIGH,6.0
2027-04-12,15,MR6,6031.0,0.1249253606753712,753.4248502331637,1.0921566413837123,3,HIGH,MR6,154.0,0.09611902077151334,13.0,72.41845882933579,1602.1802840259559,47.02497326580246,OK,HIGH,7.0
2027-04-12,15,MR2,6031.0,0.02302315450643363,138.85264482830124,0.6753226238981967,3,HIGH,MR2,192.0,0.43565317973856205,13.0,60.491596234558635,440.7175453538989,31.50603970549929,OK,HIGH,8.0
2027-04-12,15,MR8,6031.0,0.004744168990295093,28.612083180469707,0.6724380369204972,3,HIGH,MR8,30.8,0.0878110477582846,7.0,2.512457002624237,350.7531317105159,8.157327930598173,OK,HIGH,9.0
2027-04-12,15,MR9,6031.0,0.005780940604241745,34.86485278418196,1.2953928328986386,3,HIGH,MR9,122.8,0.1485112007168459,13.0,5.177821149794931,826.87365940925,4.216466734360693,OK,HIGH,10.0
2027-04-12,15,MR14,6031.0,0.005581673437882767,33.66307250387097,2.5,3,HIGH,,,,,,,,NO_DATA,LOW,
2027-04-12,15,MR12,6031.0,0.00352085408413183,21.234270981399067,0.9864183919612863,3,HIGH,,,,,,,,NO_DATA,LOW,
2027-04-19,16,MR1,5879.0,0.012688719869092502,74.59698411039481,1.3141928344874712,3,HIGH,MR1,106.61,5.663263549382716,13.0,422.4623810062806,18.824834668275376,396.269000099691,HIGH,HIGH,1.0
2027-04-19,16,MR11,5879.0,0.05686418840772226,334.3045636489992,0.8376844623481173,3,HIGH,MR11,76.5,0.26795746527777775,13.0,89.57940350617935,285.4930722706172,117.09725948520176,HIGH,HIGH,2.0
2027-04-19,16,MR5,5879.0,0.15205564171699334,893.9351176542039,0.9181868841916171,3,HIGH,MR5,229.5,0.2931391912262873,13.0,262.0474173979293,782.904527504269,114.1818812191413,HIGH,HIGH,3.0
2027-04-19,16,MR7,5879.0,0.5444856983163955,3201.031420402089,0.9034084024607638,3,HIGH,MR7,269.0,0.09482124222436723,13.0,303.5257756817568,2836.91706298773,112.83486084823673,HIGH,HIGH,4.0
2027-04-19,16,MR4,5879.0,0.006057710040356305,35.61327732725472,0.9767942435671535,3,HIGH,MR4,38.0,0.8674575138888889,13.0,30.893005011735916,43.80618000487728,81.29738160983135,OK,HIGH,5.0
2027-04-19,16,MR3,5879.0,0.061849186414834265,363.61136693281065,0.9412394575538239,3,HIGH,MR3,146.3,0.2787262201058201,13.0,101.3480218926927,524.8878270026277,69.27410929097245,OK,HIGH,6.0
2027-04-19,16,MR2,5879.0,0.033789387883905196,198.64781136947866,0.994155294958961,3,HIGH,MR2,192.0,0.43565317973856205,13.0,86.54155067121945,440.7175453538989,45.073724307926796,OK,HIGH,7.0
2027-04-19,16,MR6,5879.0,0.11632999365659094,683.9040327070982,1.020125157495258,3,HIGH,MR6,154.0,0.09611902077151334,13.0,65.7361859254953,1602.1802840259559,42.685835016555394,OK,HIGH,8.0
2027-04-19,16,MR8,5879.0,0.008114692030666953,47.70627444829102,1.1536965599944815,3,HIGH,MR8,30.8,0.0878110477582846,7.0,4.189137943948715,350.7531317105159,13.601097220612711,OK,HIGH,9.0
2027-04-19,16,MR9,5879.0,0.003743801030200326,22.009806256547716,0.8414787952409876,3,HIGH,MR9,122.8,0.1485112007168459,13.0,3.2687027547050485,826.87365940925,2.66181006083473,OK,HIGH,10.0
2027-04-19,16,MR12,5879.0,0.002908052847642368,17.096442691289482,0.8172272949254881,3,HIGH,,,,,,,,NO_DATA,LOW,
2027-04-19,16,MR14,5879.0,0.001112927785600067,6.542902451542794,0.5,3,HIGH,,,,,,,,NO_DATA,LOW,
2027-04-26,17,MR1,6243.0,0.008461016206410156,52.82212417661861,0.9404424137966203,3,HIGH,MR1,106.61,5.663263549382716,13.0,299.14561045041165,18.824834668275376,280.59807752594656,HIGH,HIGH,1.0
2027-04-26,17,MR5,6243.0,0.17237044936895873,1076.1087154104093,1.117016929754987,3,HIGH,MR5,229.5,0.2931391912262873,13.0,315.4496385069663,782.904527504269,137.45082287885242,HIGH,HIGH,2.0
2027-04-26,17,MR11,6243.0,0.05685372976900017,354.93783494786805,0.8988122257675384,3,HIGH,MR11,76.5,0.26795746527777775,13.0,95.10824258381297,285.4930722706172,124.32450010955944,HIGH,HIGH,3.0
2027-04-26,17,MR7,6243.0,0.5334340607240413,3330.22884110019,0.9498319773068679,3,HIGH,MR7,269.0,0.09482124222436723,13.0,315.7764356045349,2836.91706298773,117.38900951841447,HIGH,HIGH,4.0
2027-04-26,17,MR4,6243.0,0.00822682601016785,51.36007478147789,1.423624055278065,3,HIGH,MR4,38.0,0.8674575138888889,13.0,44.55268278308823,43.80618000487728,117.2439020607585,HIGH,HIGH,5.0
2027-04-26,17,MR3,6243.0,0.052145023384603376,325.5413809900789,0.851623026361563,3,HIGH,MR3,146.3,0.2787262201058201,13.0,90.73691861139336,524.8878270026277,62.02113370566873,OK,HIGH,6.0
2027-04-26,17,MR2,6243.0,0.036266616398956654,226.41248617868638,1.145115622017959,3,HIGH,MR2,192.0,0.43565317973856205,13.0,98.63731953625795,440.7175453538989,51.37360392513435,OK,HIGH,7.0
2027-04-26,17,MR6,6243.0,0.11396868167216137,711.5064796793034,1.0725453721389644,3,HIGH,MR6,154.0,0.09611902077151334,13.0,68.3893060993613,1602.1802840259559,44.40864032426059,OK,HIGH,8.0
2027-04-26,17,MR8,6243.0,0.005991571461637526,37.40538063500308,0.9141736398898435,3,HIGH,MR8,30.8,0.0878110477582846,7.0,3.2846056653570694,350.7531317105159,10.664304108302174,OK,HIGH,9.0
2027-04-26,17,MR9,6243.0,0.0028626492601782306,17.871519331292692,0.6905051984708278,3,HIGH,MR9,122.8,0.1485112007168459,13.0,2.6541207945246006,826.87365940925,2.161336151892997,OK,HIGH,10.0
2027-04-26,17,MR12,6243.0,0.0077170680727113574,48.17765597793701,2.327347831234369,3,HIGH,,,,,,,,NO_DATA,LOW,
2027-04-26,17,MR14,6243.0,0.0017023076711733406,10.627506791135165,0.8207473147352907,3,HIGH,,,,,,,,NO_DATA,LOW,
2027-05-03,18,MR1,6115.0,0.007393381413121554,45.210527341238304,0.6383517077498904,3,HIGH,MR1,106.61,5.663263549382716,13.0,256.03913154000554,18.824834668275376,240.16427308883362,HIGH,HIGH,1.0
2027-05-03,18,MR11,6115.0,0.061114611233407334,373.7158476922859,0.7505200455335268,3,HIGH,MR11,76.5,0.26795746527777775,13.0,100.13995128176097,285.4930722706172,130.90189710034116,HIGH,HIGH,2.0
2027-05-03,18,MR5,6115.0,0.1668041538840343,1020.0074010008698,0.8396746381292189,3,HIGH,MR5,229.5,0.2931391912262873,13.0,299.00414457422227,782.904527504269,130.28503031556525,HIGH,HIGH,3.0
2027-05-03,18,MR7,6115.0,0.5263773547743138,3218.797524444929,0.7280655362175837,3,HIGH,MR7,269.0,0.09482124222436723,13.0,305.2103797365862,2836.91706298773,113.46110770876811,HIGH,HIGH,4.0
2027-05-03,18,MR3,6115.0,0.07633045374913132,466.76072467593804,0.9683661626375173,3,HIGH,MR3,146.3,0.2787262201058201,13.0,130.0984524827776,524.8878270026277,88.92580484126971,OK,HIGH,5.0
2027-05-03,18,MR4,6115.0,0.004643687840982084,28.396151147605444,0.6242136418575527,3,HIGH,MR4,38.0,0.8674575138888889,13.0,24.63245467851494,43.80618000487728,64.82224915398668,OK,HIGH,6.0
2027-05-03,18,MR6,6115.0,0.11416488884888859,698.1182953109537,0.8345837789479719,3,HIGH,MR6,154.0,0.09611902077151334,13.0,67.10244692796705,1602.1802840259559,43.57301748569289,OK,HIGH,7.0
2027-05-03,18,MR2,6115.0,0.029952789748579053,183.16130931256092,0.7346607053221961,3,HIGH,MR2,192.0,0.43565317973856205,13.0,79.79480680709545,440.7175453538989,41.55979521202888,OK,HIGH,8.0
2027-05-03,18,MR8,6115.0,0.005888273712533394,36.006793752141704,0.697883889864639,3,HIGH,MR8,30.8,0.0878110477582846,7.0,3.161794285792019,350.7531317105159,10.2655658629611,OK,HIGH,9.0
2027-05-03,18,MR9,6115.0,0.0034095507709382194,20.84940296428721,0.6388563364178784,3,HIGH,MR9,122.8,0.1485112007168459,13.0,3.09636986845566,826.87365940925,2.52147383424728,OK,HIGH,10.0
2027-05-03,18,MR12,6115.0,0.0022646035903670287,13.848050955094381,0.5305280955411185,3,HIGH,,,,,,,,NO_DATA,LOW,
2027-05-03,18,MR14,6115.0,0.001656250433703338,10.12797140209591,0.62030410026402,3,HIGH,,,,,,,,NO_DATA,LOW,
2027-05-10,19,MR1,6242.0,0.011868159016459738,74.08104858074168,1.1939802963703303,3,HIGH,MR1,106.61,5.663263549382716,13.0,419.54050212736456,18.824834668275376,393.52828264455917,HIGH,HIGH,1.0
2027-05-10,19,MR5,6242.0,0.1863439410701981,1163.1588801601765,1.0929903828619585,3,HIGH,MR5,229.5,0.2931391912262873,13.0,340.96745339782814,782.904527504269,148.56969646964188,HIGH,HIGH,2.0
2027-05-10,19,MR11,6242.0,0.061306305028081036,382.67395598528185,0.8772417136481824,3,HIGH,MR11,76.5,0.26795746527777775,13.0,102.54034327363601,285.4930722706172,134.03966440998173,HIGH,HIGH,3.0
2027-05-10,19,MR7,6242.0,0.48209177116456586,3009.21683560922,0.7769621904736879,3,HIGH,MR7,269.0,0.09482124222436723,13.0,285.33767847494573,2836.91706298773,106.07348642191292,TIGHT,HIGH,4.0
2027-05-10,19,MR3,6242.0,0.074860609557591,467.279924858483,1.1066034266438418,3,HIGH,MR3,146.3,0.2787262201058201,13.0,130.2431671871366,524.8878270026277,89.0247212488972,OK,HIGH,5.0
2027-05-10,19,MR4,6242.0,0.004440086412897602,27.71501938930683,0.6954382126370666,3,HIGH,MR4,38.0,0.8674575138888889,13.0,24.041601816830454,43.80618000487728,63.267373202185404,OK,HIGH,6.0
2027-05-10,19,MR2,6242.0,0.035645578231701905,222.49969932228328,1.0187135613201241,3,HIGH,MR2,192.0,0.43565317973856205,13.0,96.93270150062669,440.7175453538989,50.4857820315764,OK,HIGH,7.0
2027-05-10,19,MR6,6242.0,0.12460354897238222,777.7753526856098,1.0613648080607245,3,HIGH,MR6,154.0,0.09611902077151334,13.0,74.75900528035925,1602.1802840259559,48.5448086236099,OK,HIGH,8.0
2027-05-10,19,MR8,6242.0,0.0036205781893086644,22.599649057664685,0.5,3,HIGH,MR8,30.8,0.0878110477582846,7.0,1.9844988627230653,350.7531317105159,6.443178125724238,OK,HIGH,9.0
2027-05-10,19,MR9,6242.0,0.00558188926378976,34.84215278457568,1.2186644753295937,3,HIGH,MR9,122.8,0.1485112007168459,13.0,5.1744499455971305,826.87365940925,4.213721454069325,OK,HIGH,10.0
2027-05-10,19,MR12,6242.0,0.006073158447924364,37.90865503194388,1.657783064241635,3,HIGH,,,,,,,,NO_DATA,LOW,
2027-05-10,19,MR14,6242.0,0.003564374645099825,22.248826534713107,1.5554601266024113,3,HIGH,,,,,,,,NO_DATA,LOW,
2027-05-17,20,MR1,6180.0,0.009502710312153172,58.72674972910661,1.0712869570538384,3,HIGH,MR1,106.61,5.663263549382716,13.0,332.58506111457075,18.824834668275376,311.96422578986096,HIGH,HIGH,1.0
2027-05-17,20,MR5,6180.0,0.1768669645455692,1093.0378408916176,1.162498257698311,3,HIGH,MR5,229.5,0.2931391912262873,13.0,320.4122286586961,782.904527504269,139.61317152884362,HIGH,HIGH,2.0
2027-05-17,20,MR11,6180.0,0.06173769926984982,381.5389814876719,0.9899405126506324,3,HIGH,MR11,76.5,0.26795746527777775,13.0,102.23621838410153,285.4930722706172,133.64211553477327,HIGH,HIGH,3.0
2027-05-17,20,MR7,6180.0,0.5383473199501801,3326.9864372921134,0.9722484196608654,3,HIGH,MR7,269.0,0.09482124222436723,13.0,315.46898684766006,2836.91706298773,117.27471630024537,HIGH,HIGH,4.0
2027-05-17,20,MR3,6180.0,0.05780607392642168,357.241536865286,0.9575393924890304,3,HIGH,MR3,146.3,0.2787262201058201,13.0,99.57258323525515,524.8878270026277,68.0605490329837,OK,HIGH,5.0
2027-05-17,20,MR4,6180.0,0.004771024158392417,29.484929298865136,0.8373813181692418,3,HIGH,MR4,38.0,0.8674575138888889,13.0,25.57692346678321,43.80618000487728,67.30769333364003,OK,HIGH,6.0
2027-05-17,20,MR2,6180.0,0.03241334134750823,200.31444952760086,1.038041580683288,3,HIGH,MR2,192.0,0.43565317973856205,13.0,87.26762688427901,440.7175453538989,45.451889002228654,OK,HIGH,7.0
2027-05-17,20,MR6,6180.0,0.10376169024226117,641.2472456971741,0.9904118616496262,3,HIGH,MR6,154.0,0.09611902077151334,13.0,61.63605732884239,1602.1802840259559,40.02341384989766,OK,HIGH,8.0
2027-05-17,20,MR8,6180.0,0.004562115700343188,28.193875028120903,0.7059970603685682,3,HIGH,MR8,30.8,0.0878110477582846,7.0,2.4757337065854323,350.7531317105159,8.038096449952702,OK,HIGH,9.0
2027-05-17,20,MR9,6180.0,0.005261360746826882,32.51520941539013,1.2871985422844687,3,HIGH,MR9,122.8,0.1485112007168459,13.0,4.828872791839282,826.87365940925,3.9323068337453435,OK,HIGH,10.0
2027-05-17,20,MR12,6180.0,0.003132338700345121,19.35785316813285,0.9581341660130526,3,HIGH,,,,,,,,NO_DATA,LOW,
2027-05-17,20,MR14,6180.0,0.0018373611001488107,11.35489159891965,0.8984927527011695,3,HIGH,,,,,,,,NO_DATA,LOW,
2027-05-24,21,MR1,5908.0,0.007448066914448973,44.003179330564535,0.768274810561635,3,HIGH,MR1,106.61,5.663263549382716,13.0,249.20160155973707,18.824834668275376,233.75068151180668,HIGH,HIGH,1.0
2027-05-24,21,MR11,5908.0,0.06233962837056093,368.302524413274,0.9146134064515725,3,HIGH,MR11,76.5,0.26795746527777775,13.0,98.68941089718776,285.4930722706172,129.0057658786768,HIGH,HIGH,2.0
2027-05-24,21,MR7,5908.0,0.5368216535408173,3171.5423291191487,0.887073107061791,3,HIGH,MR7,269.0,0.09482124222436723,13.0,300.7295834142406,2836.91706298773,111.79538416886268,HIGH,HIGH,3.0
2027-05-24,21,MR5,5908.0,0.1443843871103823,853.0229590481385,0.8683214293650235,3,HIGH,MR5,229.5,0.2931391912262873,13.0,250.0544603128257,782.904527504269,108.95619185744039,TIGHT,HIGH,4.0
2027-05-24,21,MR4,5908.0,0.006672458550581518,39.420885116835606,1.0715494895953168,3,HIGH,MR4,38.0,0.8674575138888889,13.0,34.195942998749715,43.80618000487728,89.9893236809203,OK,HIGH,5.0
2027-05-24,21,MR3,5908.0,0.07198123811553035,425.2651547865533,1.0909809951167,3,HIGH,MR3,146.3,0.2787262201058201,13.0,118.53254913637251,524.8878270026277,81.02019763251708,OK,HIGH,6.0
2027-05-24,21,MR2,5908.0,0.03492389502759125,206.33037182300913,1.0233597198208846,3,HIGH,MR2,192.0,0.43565317973856205,13.0,89.88848256133373,440.7175453538989,46.81691800069465,OK,HIGH,7.0
2027-05-24,21,MR6,5908.0,0.11937532989414133,705.2694490145869,1.0425768498673935,3,HIGH,MR6,154.0,0.09611902077151334,13.0,67.78980881934685,1602.1802840259559,44.01935637619925,OK,HIGH,8.0
2027-05-24,21,MR8,5908.0,0.00631947249097931,37.33544347670576,0.8948126648236486,3,HIGH,MR8,30.8,0.0878110477582846,7.0,3.2784644102097453,350.7531317105159,10.64436496821346,OK,HIGH,9.0
2027-05-24,21,MR9,5908.0,0.0056193124746222204,33.19889810006808,1.2578977455428917,3,HIGH,MR9,122.8,0.1485112007168459,13.0,4.930408219317324,826.87365940925,4.014990406610199,OK,HIGH,10.0
2027-05-24,21,MR12,5908.0,0.002997089122458404,17.70680253548425,0.8388261583768666,3,HIGH,,,,,,,,NO_DATA,LOW,
2027-05-24,21,MR14,5908.0,0.0011174683878861366,6.602003235631295,0.5,3,HIGH,,,,,,,,NO_DATA,LOW,
2027-05-31,22,MR1,6335.0,0.00699875424441561,44.33710813837289,0.7660066494650852,3,HIGH,MR1,106.61,5.663263549382716,13.0,251.09272840508694,18.824834668275376,235.524555299772,HIGH,HIGH,1.0
2027-05-31,22,MR5,6335.0,0.163259687433357,1034.2501198903167,1.0417848019138416,3,HIGH,MR5,229.5,0.2931391912262873,13.0,303.1792436703381,782.904527504269,132.10424560799046,HIGH,HIGH,2.0
2027-05-31,22,MR7,6335.0,0.5510082206217343,3490.6370776386866,0.9661092432372831,3,HIGH,MR7,269.0,0.09482124222436723,13.0,330.98654385613526,2836.91706298773,123.04332485358186,HIGH,HIGH,3.0
2027-05-31,22,MR11,6335.0,0.045797707320709764,290.12847587669637,0.7129447292677134,3,HIGH,MR11,76.5,0.26795746527777775,13.0,77.74209100082444,285.4930722706172,101.62364836709077,TIGHT,HIGH,4.0
2027-05-31,22,MR3,6335.0,0.06311170645341382,399.8126603823766,1.0149544852273866,3,HIGH,MR3,146.3,0.2787262201058201,13.0,111.43827157883179,524.8878270026277,76.17106738129308,OK,HIGH,5.0
2027-05-31,22,MR6,6335.0,0.12696284826543416,804.3096437615254,1.1765460241539323,3,HIGH,MR6,154.0,0.09611902077151334,13.0,77.30945535544255,1602.1802840259559,50.200945036001656,OK,HIGH,6.0
2027-05-31,22,MR4,6335.0,0.002987650737172224,18.92676741998604,0.5090904457485692,3,HIGH,MR4,38.0,0.8674575138888889,13.0,16.41816661209431,43.80618000487728,43.2057016107745,OK,HIGH,7.0
2027-05-31,22,MR2,6335.0,0.028376573336958553,179.76559208963243,0.8822757982606463,3,HIGH,MR2,192.0,0.43565317973856205,13.0,78.31545180143367,440.7175453538989,40.7892978132467,OK,HIGH,8.0
2027-05-31,22,MR8,6335.0,0.0034951065368699374,22.141499911071055,0.5251102361786913,3,HIGH,MR8,30.8,0.0878110477582846,7.0,1.9442683061311148,350.7531317105159,6.312559435490632,OK,HIGH,9.0
2027-05-31,22,MR9,6335.0,0.003020047364490372,19.132000054046507,0.7173228768444746,3,HIGH,MR9,122.8,0.1485112007168459,13.0,2.8413163001412074,826.87365940925,2.3137754887143385,OK,HIGH,10.0
2027-05-31,22,MR12,6335.0,0.0029060150707272527,18.409605473057145,0.8629963150962663,3,HIGH,,,,,,,,NO_DATA,LOW,
2027-05-31,22,MR14,6335.0,0.0020756826147170274,13.14944936423237,0.9854497354497355,3,HIGH,,,,,,,,NO_DATA,LOW,
2027-06-07,23,MR1,5609.0,0.008211755490421887,46.05973654577636,0.9385286528714063,3,HIGH,MR1,106.61,5.663263549382716,13.0,260.8484270738662,18.824834668275376,244.675384179595,HIGH,HIGH,1.0
2027-06-07,23,MR7,5609.0,0.5914609691311394,3317.504575856561,1.0829140296984163,3,HIGH,MR7,269.0,0.09482124222436723,13.0,314.56990496774165,2836.91706298773,116.94048511811957,HIGH,HIGH,2.0
2027-06-07,23,MR11,5609.0,0.058201571123249675,326.45261243030745,0.9461207435371768,3,HIGH,MR11,76.5,0.26795746527777775,13.0,87.47541456013394,285.4930722706172,114.34694713742999,HIGH,HIGH,3.0
2027-06-07,23,MR5,5609.0,0.14246244079465667,799.0718304172293,0.9492905733168815,3,HIGH,MR5,229.5,0.2931391912262873,13.0,234.23927010021558,782.904527504269,102.06504143800244,TIGHT,HIGH,4.0
2027-06-07,23,MR3,5609.0,0.05635223238836553,316.07967146634223,0.9463406596851355,3,HIGH,MR3,146.3,0.2787262201058201,13.0,88.09969208010301,524.8878270026277,60.21851816821805,OK,HIGH,5.0
2027-06-07,23,MR4,5609.0,0.0030800620609257087,17.2760680997323,0.5480552198162252,3,HIGH,MR4,38.0,0.8674575138888889,13.0,14.986255083568922,43.80618000487728,39.437513377812955,OK,HIGH,6.0
2027-06-07,23,MR6,5609.0,0.09655674931243358,541.58680689344,0.9343608452691718,3,HIGH,MR6,154.0,0.09611902077151334,13.0,52.056793541368144,1602.1802840259559,33.80311268920009,OK,HIGH,7.0
2027-06-07,23,MR2,5609.0,0.021022606370095974,117.91579912986832,0.682544081682236,3,HIGH,MR2,192.0,0.43565317973856205,13.0,51.3703928323407,440.7175453538989,26.75541293351078,OK,HIGH,8.0
2027-06-07,23,MR8,5609.0,0.011218011457075565,62.92182626273684,1.7599716649244663,3,HIGH,MR8,30.8,0.0878110477582846,7.0,5.5252314909956715,350.7531317105159,17.93906328245348,OK,HIGH,9.0
2027-06-07,23,MR9,5609.0,0.0041535468475142525,23.29724426770744,1.030195791203687,3,HIGH,MR9,122.8,0.1485112007168459,13.0,3.459901719590887,826.87365940925,2.8175095436407878,OK,HIGH,10.0
2027-06-07,23,MR14,5609.0,0.0050427419937648975,28.28473984302731,2.5,3,HIGH,,,,,,,,NO_DATA,LOW,
2027-06-07,23,MR12,5609.0,0.002237313030356969,12.54908878727224,0.6938052180604679,3,HIGH,,,,,,,,NO_DATA,LOW,
2027-06-14,24,MR1,6134.0,0.007037122536597282,43.16570963948773,0.7030651790358275,3,HIGH,MR1,106.61,5.663263549382716,13.0,244.45878998454899,18.824834668275376,229.30193226202888,HIGH,HIGH,1.0
2027-06-14,24,MR5,6134.0,0.1698417091388554,1041.809043857739,0.9893092919267571,3,HIGH,MR5,229.5,0.2931391912262873,13.0,305.39506052868927,782.904527504269,133.06974314975568,HIGH,HIGH,2.0
2027-06-14,24,MR11,6134.0,0.05477003730134752,335.95940880646566,0.7782942858080404,3,HIGH,MR11,76.5,0.26795746527777775,13.0,90.02283162000127,285.4930722706172,117.67690407843303,HIGH,HIGH,3.0
2027-06-14,24,MR7,6134.0,0.5291412418433287,3245.752377466978,0.8468928203328578,3,HIGH,MR7,269.0,0.09482124222436723,13.0,307.76627238411214,2836.91706298773,114.41125367439113,HIGH,HIGH,4.0
2027-06-14,24,MR3,6134.0,0.08258871089267521,506.5991526156697,1.2124002333463566,3,HIGH,MR3,146.3,0.2787262201058201,13.0,141.2024669173771,524.8878270026277,96.51569850811832,TIGHT,HIGH,5.0
2027-06-14,24,MR4,6134.0,0.004620653840634495,28.34309065845199,0.7187158698722896,3,HIGH,MR4,38.0,0.8674575138888889,13.0,24.586426958508156,43.80618000487728,64.70112357502146,OK,HIGH,6.0
2027-06-14,24,MR6,6134.0,0.1108522692215006,679.9678194046846,0.9377034881379238,3,HIGH,MR6,154.0,0.09611902077151334,13.0,65.35784095731951,1602.1802840259559,42.44015646579189,OK,HIGH,7.0
2027-06-14,24,MR2,6134.0,0.02396764793014446,147.0175524035061,0.6802342771704294,3,HIGH,MR2,192.0,0.43565317973856205,13.0,64.0486641819681,440.7175453538989,33.35867926144172,OK,HIGH,8.0
2027-06-14,24,MR8,6134.0,0.004268529704611882,26.183161208089285,0.5854058442419837,3,HIGH,MR8,30.8,0.0878110477582846,7.0,2.299170819306393,350.7531317105159,7.4648403224233535,OK,HIGH,9.0
2027-06-14,24,MR9,6134.0,0.005194713187924801,31.864370694730727,1.1262924720425882,3,HIGH,MR9,122.8,0.1485112007168459,13.0,4.7322159519611375,826.87365940925,3.853596052085617,OK,HIGH,10.0
2027-06-14,24,MR12,6134.0,0.005013249394056001,30.75127178313951,1.3589987864975657,3,HIGH,,,,,,,,NO_DATA,LOW,
2027-06-14,24,MR14,6134.0,0.002704115008323682,16.587041461057467,1.1718914018513216,3,HIGH,,,,,,,,NO_DATA,LOW,
2027-06-21,25,MR1,6199.0,0.007996354983503089,49.56940454273565,1.1313932261124087,3,HIGH,MR1,106.61,5.663263549382716,13.0,280.7246019114808,18.824834668275376,263.3192026184043,HIGH,HIGH,1.0
2027-06-21,25,MR11,6199.0,0.06450483649964729,399.86548146131355,1.298117835579279,3,HIGH,MR11,76.5,0.26795746527777775,13.0,107.1469408644518,285.4930722706172,140.06136060712655,HIGH,HIGH,2.0
2027-06-21,25,MR7,6199.0,0.5768994341312356,3576.199592179529,1.3076092522007854,3,HIGH,MR7,269.0,0.09482124222436723,13.0,339.09968777273843,2836.91706298773,126.05936348428939,HIGH,HIGH,3.0
2027-06-21,25,MR5,6199.0,0.14617474966799124,906.1372731918777,1.205816239188318,3,HIGH,MR5,229.5,0.2931391912262873,13.0,265.6243474034604,782.904527504269,115.74045638495005,HIGH,HIGH,4.0
2027-06-21,25,MR3,6199.0,0.053169248583013695,329.5961719661019,1.1053679792526647,3,HIGH,MR3,146.3,0.2787262201058201,13.0,91.86709517345945,524.8878270026277,62.793639899835576,OK,HIGH,5.0
2027-06-21,25,MR4,6199.0,0.0032334496782176893,20.044154555271454,0.712263910529918,3,HIGH,MR4,38.0,0.8674575138888889,13.0,17.387452478520423,43.80618000487728,45.75645389084322,OK,HIGH,6.0
2027-06-21,25,MR6,6199.0,0.103669395905894,642.6465852206369,1.2419169216364248,3,HIGH,MR6,154.0,0.09611902077151334,13.0,61.770560473564515,1602.1802840259559,40.11075355426267,OK,HIGH,7.0
2027-06-21,25,MR2,6199.0,0.0276552533589883,171.43491557236845,1.1115570829038939,3,HIGH,MR2,192.0,0.43565317973856205,13.0,74.68616608731425,440.7175453538989,38.89904483714284,OK,HIGH,8.0
2027-06-21,25,MR8,6199.0,0.010998347654604085,68.17875711089073,2.1361277519248216,3,HIGH,MR8,30.8,0.0878110477582846,7.0,5.986848096764912,350.7531317105159,19.437818495989973,OK,HIGH,9.0
2027-06-21,25,MR9,6199.0,0.002708977974013385,16.792954460908973,0.8317946336060595,3,HIGH,MR9,122.8,0.1485112007168459,13.0,2.493941830572905,826.87365940925,2.030897256166861,OK,HIGH,10.0
2027-06-21,25,MR14,6199.0,0.0016662873052984634,10.329315005545174,1.0226643763717913,3,HIGH,,,,,,,,NO_DATA,LOW,
2027-06-21,25,MR12,6199.0,0.001323664257593187,8.205394732820166,0.5081578441093336,3,HIGH,,,,,,,,NO_DATA,LOW,
2027-06-28,26,MR1,5867.0,0.00936109747746592,54.92155890029255,1.0993554506236423,3,HIGH,MR1,106.61,5.663263549382716,13.0,311.0352625953027,18.824834668275376,291.75055116340184,HIGH,HIGH,1.0
2027-06-28,26,MR11,5867.0,0.08587884784330621,503.8512002966775,1.4344912558127907,3,HIGH,MR11,76.5,0.26795746527777775,13.0,135.0106905086636,285.4930722706172,176.484562756423,HIGH,HIGH,2.0
2027-06-28,26,MR5,5867.0,0.19134054437369613,1122.5949738404752,1.3101035776546848,3,HIGH,MR5,229.5,0.2931391912262873,13.0,329.076582706292,782.904527504269,143.3884891966414,HIGH,HIGH,3.0
2027-06-28,26,MR7,5867.0,0.5053121216626857,2964.666217794977,0.9506648708555774,3,HIGH,MR7,269.0,0.09482124222436723,13.0,281.1133335519362,2836.91706298773,104.50309797469748,TIGHT,HIGH,4.0
2027-06-28,26,MR4,5867.0,0.005028292277693444,29.500990793227437,0.919359154519375,3,HIGH,MR4,38.0,0.8674575138888889,13.0,25.590856130752073,43.80618000487728,67.34435823882124,OK,HIGH,5.0
2027-06-28,26,MR3,5867.0,0.05705121186120245,334.71945998967476,0.9844668318644695,3,HIGH,MR3,146.3,0.2787262201058201,13.0,93.29508987878333,524.8878270026277,63.769712835805414,OK,HIGH,6.0
2027-06-28,26,MR6,5867.0,0.10224450242568091,599.8684957314699,1.016650784858279,3,HIGH,MR6,154.0,0.09611902077151334,13.0,57.65877240138962,1602.1802840259559,37.44076129960365,OK,HIGH,7.0
2027-06-28,26,MR2,5867.0,0.02690600443455675,157.85752801754444,0.8976213960517299,3,HIGH,MR2,192.0,0.43565317973856205,13.0,68.77113402651239,440.7175453538989,35.81829897214187,OK,HIGH,8.0
2027-06-28,26,MR8,5867.0,0.003985920740123982,23.3853969823074,0.6425668182469396,3,HIGH,MR8,30.8,0.0878110477582846,7.0,2.05349621125984,350.7531317105159,6.667195491103375,OK,HIGH,9.0
2027-06-28,26,MR9,5867.0,0.005790124925182726,33.970662936047056,1.4756672264103754,3,HIGH,MR9,122.8,0.1485112007168459,13.0,5.0450239417796015,826.87365940925,4.108325685488275,OK,HIGH,10.0
2027-06-28,26,MR12,5867.0,0.004069616389772838,23.876439358797242,1.2967734894114513,3,HIGH,,,,,,,,NO_DATA,LOW,
2027-06-28,26,MR14,5867.0,0.003031715588632885,17.787075358509135,1.5444062728631867,3,HIGH,,,,,,,,NO_DATA,LOW,
2027-07-05,27,MR1,6028.0,0.008383160966306862,50.533694304897764,1.0169928508051769,3,HIGH,MR1,106.61,5.663263549382716,13.0,286.18562897257647,18.824834668275376,268.44163678133054,HIGH,HIGH,1.0
2027-07-05,27,MR11,6028.0,0.0627231687908078,378.09526147098944,1.0822769654107707,3,HIGH,MR11,76.5,0.26795746527777775,13.0,101.31344789730495,285.4930722706172,132.4358796043202,HIGH,HIGH,2.0
2027-07-05,27,MR5,6028.0,0.16268857909833276,980.6867548047499,1.1506796216170654,3,HIGH,MR5,229.5,0.2931391912262873,13.0,287.4777221497967,782.904527504269,125.26262403041251,HIGH,HIGH,3.0
2027-07-05,27,MR7,6028.0,0.5656326493147558,3409.633610069348,1.0992612723409159,3,HIGH,MR7,269.0,0.09482124222436723,13.0,323.3056944367293,2836.91706298773,120.1879904969254,HIGH,HIGH,4.0
2027-07-05,27,MR3,6028.0,0.05989716157128174,361.06008995168634,1.06768019163149,3,HIGH,MR3,146.3,0.2787262201058201,13.0,100.63691410330092,524.8878270026277,68.78804791749891,OK,HIGH,5.0
2027-07-05,27,MR4,6028.0,0.004860309351624281,29.297944771591165,0.9179675554455302,3,HIGH,MR4,38.0,0.8674575138888889,13.0,25.414722333618442,43.80618000487728,66.88084824636432,OK,HIGH,6.0
2027-07-05,27,MR2,6028.0,0.029977890338550306,180.70672296078124,1.0331033779339083,3,HIGH,MR2,192.0,0.43565317973856205,13.0,78.72545845799976,440.7175453538989,41.00284294687488,OK,HIGH,7.0
2027-07-05,27,MR6,6028.0,0.09135098587880865,550.6637428774585,0.938304505205458,3,HIGH,MR6,154.0,0.09611902077151334,13.0,52.92925973975771,1602.1802840259559,34.36964918166085,OK,HIGH,8.0
2027-07-05,27,MR8,6028.0,0.004839633760147751,29.17331230617064,0.8059365697578784,3,HIGH,MR8,30.8,0.0878110477582846,7.0,2.561739120184502,350.7531317105159,8.317334805793838,OK,HIGH,9.0
2027-07-05,27,MR9,6028.0,0.004086642944968161,24.634283672268072,1.075885169173604,3,HIGH,MR9,122.8,0.1485112007168459,13.0,3.6584670469679232,826.87365940925,2.9792076929706215,OK,HIGH,10.0
2027-07-05,27,MR14,6028.0,0.0032184558448373935,19.40085183267981,1.6936332983427171,3,HIGH,,,,,,,,NO_DATA,LOW,
2027-07-05,27,MR12,6028.0,0.00234136213957844,14.113730977378836,0.7706868867743034,3,HIGH,,,,,,,,NO_DATA,LOW,
2027-07-12,28,MR1,5996.0,0.010601737779023686,63.56801972302602,1.2742164951607806,3,HIGH,MR1,106.61,5.663263549382716,13.0,360.00244900385485,18.824834668275376,337.68168933857504,HIGH,HIGH,1.0
2027-07-12,28,MR5,5996.0,0.1598929225345409,958.7179635171073,1.1204246790354324,3,HIGH,MR5,229.5,0.2931391912262873,13.0,281.037808439518,782.904527504269,122.4565614115547,HIGH,HIGH,2.0
2027-07-12,28,MR7,5996.0,0.5651073416733129,3388.383620673184,1.088061584909293,3,HIGH,MR7,269.0,0.09482124222436723,13.0,321.2907440449304,2836.91706298773,119.43893830666559,HIGH,HIGH,3.0
2027-07-12,28,MR11,5996.0,0.04945623787761975,296.539602314208,0.8454493037151858,3,HIGH,MR11,76.5,0.26795746527777775,13.0,79.46000019059542,285.4930722706172,103.86928129489598,TIGHT,HIGH,4.0
2027-07-12,28,MR3,5996.0,0.07280459147073509,436.53633045852763,1.2857300139839611,3,HIGH,MR3,146.3,0.2787262201058201,13.0,121.67412132757059,524.8878270026277,83.16754704550279,OK,HIGH,5.0
2027-07-12,28,MR6,5996.0,0.10713989355052955,642.4108017289752,1.090279492186482,3,HIGH,MR6,154.0,0.09611902077151334,13.0,61.74789719523191,1602.1802840259559,40.09603713976097,OK,HIGH,6.0
2027-07-12,28,MR4,5996.0,0.0028836041594682725,17.29009054017176,0.5395791163664428,3,HIGH,MR4,38.0,0.8674575138888889,13.0,14.998418954891193,43.80618000487728,39.46952356550314,OK,HIGH,7.0
2027-07-12,28,MR2,5996.0,0.019831472036026712,118.90950632801616,0.6771014388670593,3,HIGH,MR2,192.0,0.43565317973856205,13.0,51.80330453294291,440.7175453538989,26.98088777757443,OK,HIGH,8.0
2027-07-12,28,MR8,5996.0,0.004986611700361713,29.899723755368832,0.8227160814819138,3,HIGH,MR8,30.8,0.0878110477582846,7.0,2.625526070642209,350.7531317105159,8.524435294292887,OK,HIGH,9.0
2027-07-12,28,MR9,5996.0,0.0037631090955668827,22.56360213701903,0.981526671192254,3,HIGH,MR9,122.8,0.1485112007168459,13.0,3.350947645865886,826.87365940925,2.7287847279038155,OK,HIGH,10.0
2027-07-12,28,MR12,5996.0,0.0017963543122593356,10.770940456306976,0.5858109008035753,3,HIGH,,,,,,,,NO_DATA,LOW,
2027-07-12,28,MR14,5996.0,0.0017361238105551952,10.40979836808895,0.9051250649447041,3,HIGH,,,,,,,,NO_DATA,LOW,
2027-07-19,29,MR1,6141.0,0.007181542787648692,44.10185425895062,0.8805487848408514,3,HIGH,MR1,106.61,5.663263549382716,13.0,249.7604236849039,18.824834668275376,234.2748557216996,HIGH,HIGH,1.0
2027-07-19,29,MR11,6141.0,0.07134103468457695,438.105293997987,1.2441576180371519,3,HIGH,MR11,76.5,0.26795746527777775,13.0,117.39358410447622,285.4930722706172,153.45566549604735,HIGH,HIGH,2.0
2027-07-19,29,MR5,6141.0,0.15189968886694585,932.8159893319145,1.0858749513119648,3,HIGH,MR5,229.5,0.2931391912262873,13.0,273.44492467570643,782.904527504269,119.1481153271052,HIGH,HIGH,3.0
2027-07-19,29,MR7,6141.0,0.5482165545721457,3366.5978616275465,1.0768226422489402,3,HIGH,MR7,269.0,0.09482124222436723,13.0,319.22499130942236,2836.91706298773,118.6710004867741,HIGH,HIGH,4.0
2027-07-19,29,MR3,6141.0,0.058787734223732874,361.01547586794356,1.059125050557103,3,HIGH,MR3,146.3,0.2787262201058201,13.0,100.62447898837583,524.8878270026277,68.779548180708,OK,HIGH,5.0
2027-07-19,29,MR4,6141.0,0.004317739759888654,26.515239865476225,0.8242243814710722,3,HIGH,MR4,38.0,0.8674575138888889,13.0,23.000844053873564,43.80618000487728,60.5285369838778,OK,HIGH,6.0
2027-07-19,29,MR6,6141.0,0.11076967271696322,680.2365601548712,1.149944844082656,3,HIGH,MR6,154.0,0.09611902077151334,13.0,65.38367205506884,1602.1802840259559,42.456929905888856,OK,HIGH,7.0
2027-07-19,29,MR2,6141.0,0.028897301616331247,177.4583292258902,1.0065273513095578,3,HIGH,MR2,192.0,0.43565317973856205,13.0,77.31028539835167,440.7175453538989,40.26577364497483,OK,HIGH,8.0
2027-07-19,29,MR8,6141.0,0.007349708856519465,45.13456208788603,1.2370409478984818,3,HIGH,MR8,30.8,0.0878110477582846,7.0,3.9633131870486222,350.7531317105159,12.86789995795007,OK,HIGH,9.0
2027-07-19,29,MR9,6141.0,0.004112404446578067,25.25427570643591,1.0942602450962877,3,HIGH,MR9,122.8,0.1485112007168459,13.0,3.7505428083970687,826.87365940925,3.05418795472074,OK,HIGH,10.0
2027-07-19,29,MR12,6141.0,0.005843245855108343,35.883372796220335,1.9439680049724002,3,HIGH,,,,,,,,NO_DATA,LOW,
2027-07-19,29,MR14,6141.0,0.0012833716135609568,7.881185078877835,0.6825741429949846,3,HIGH,,,,,,,,NO_DATA,LOW,
2027-07-26,30,MR1,5880.0,0.007910441177095164,46.513394121319564,1.0426514232098967,3,HIGH,MR1,106.61,5.663263549382716,13.0,263.4176094853414,18.824834668275376,247.08527294375898,HIGH,HIGH,1.0
2027-07-26,30,MR7,5880.0,0.6427856313097611,3779.5795121013953,1.3572534625518378,3,HIGH,MR7,269.0,0.09482124222436723,13.0,358.38442442322213,2836.91706298773,133.2284105662536,HIGH,HIGH,2.0
2027-07-26,30,MR11,5880.0,0.05099562821347363,299.85429389522494,0.9560304187084354,3,HIGH,MR11,76.5,0.26795746527777775,13.0,80.3481965448223,285.4930722706172,105.03032228081346,TIGHT,HIGH,3.0
2027-07-26,30,MR5,5880.0,0.10843149660146705,637.5772000166262,0.8332611774047849,3,HIGH,MR5,229.5,0.2931391912262873,13.0,186.89886475719462,782.904527504269,81.43741383755757,OK,HIGH,4.0
2027-07-26,30,MR4,5880.0,0.004704563431342654,27.6628329762948,0.9654084329629683,3,HIGH,MR4,38.0,0.8674575138888889,13.0,23.99633232074026,43.80618000487728,63.14824294931648,OK,HIGH,5.0
2027-07-26,30,MR3,5880.0,0.05111741687246465,300.5704112100921,0.9899931341733904,3,HIGH,MR3,146.3,0.2787262201058201,13.0,83.776854592241,524.8878270026277,57.26374203160697,OK,HIGH,6.0
2027-07-26,30,MR2,5880.0,0.033297876029650224,195.79151105434332,1.2467735700146,3,HIGH,MR2,192.0,0.43565317973856205,13.0,85.29719435664249,440.7175453538989,44.425622060751294,OK,HIGH,7.0
2027-07-26,30,MR6,5880.0,0.08524117187241499,501.21809060980013,0.9512798873757866,3,HIGH,MR6,154.0,0.09611902077151334,13.0,48.17659206238163,1602.1802840259559,31.283501339208854,OK,HIGH,8.0
2027-07-26,30,MR8,5880.0,0.004543010743265889,26.71290317040343,0.8219785205270111,3,HIGH,MR8,30.8,0.0878110477582846,7.0,2.3456880160587277,350.7531317105159,7.615870182008856,OK,HIGH,9.0
2027-07-26,30,MR9,5880.0,0.005112067204169878,30.05895516051888,1.4622583872235522,3,HIGH,MR9,122.8,0.1485112007168459,13.0,4.46409152318249,826.87365940925,3.6352536833733637,OK,HIGH,10.0
2027-07-26,30,MR12,5880.0,0.004136460729488841,24.322389089394385,1.4793353114409602,3,HIGH,,,,,,,,NO_DATA,LOW,
2027-07-26,30,MR14,5880.0,0.001724235815405993,10.138506594587238,0.9858181972410429,3,HIGH,,,,,,,,NO_DATA,LOW,
2027-08-02,31,MR1,5945.0,0.008339387228209637,49.57765707170629,1.0086998867959167,3,HIGH,MR1,106.61,5.663263549382716,13.0,280.7713381579905,18.824834668275376,263.36304113872103,HIGH,HIGH,1.0
2027-08-02,31,MR7,5945.0,0.5849637692988402,3477.609608481605,1.1334781778010146,3,HIGH,MR7,269.0,0.09482124222436723,13.0,329.75126304762114,2836.91706298773,122.58411265710822,HIGH,HIGH,2.0
2027-08-02,31,MR11,5945.0,0.05681869160775823,337.7871216081227,0.9775059065453273,3,HIGH,MR11,76.5,0.26795746527777775,13.0,90.51258090958902,285.4930722706172,118.31709922822094,HIGH,HIGH,3.0
2027-08-02,31,MR5,5945.0,0.13714225523954035,815.3107073990674,0.9671333953920229,3,HIGH,MR5,229.5,0.2931391912262873,13.0,238.99952136509478,782.904527504269,104.139224995684,TIGHT,HIGH,4.0
2027-08-02,31,MR3,5945.0,0.06607189874097835,392.7974380151163,1.1742740611670224,3,HIGH,MR3,146.3,0.2787262201058201,13.0,109.48294516520353,524.8878270026277,74.83454898510152,OK,HIGH,5.0
2027-08-02,31,MR4,5945.0,0.004557590902875853,27.094877917596946,0.8582553042769145,3,HIGH,MR4,38.0,0.8674575138888889,13.0,23.5036554375216,43.80618000487728,61.85172483558317,OK,HIGH,6.0
2027-08-02,31,MR6,5945.0,0.09236794650995454,549.1274420016798,0.94595306487312,3,HIGH,MR6,154.0,0.09611902077151334,13.0,52.78159200396745,1602.1802840259559,34.273761041537306,OK,HIGH,7.0
2027-08-02,31,MR2,5945.0,0.025394180126430504,150.96840085162935,0.8725586896247699,3,HIGH,MR2,192.0,0.43565317973856205,13.0,65.76986387105816,440.7175453538989,34.255137432842794,OK,HIGH,8.0
2027-08-02,31,MR8,5945.0,0.015056842466961795,89.51292846608787,2.5,3,HIGH,MR8,30.8,0.0878110477582846,7.0,7.860224036519556,350.7531317105159,25.520207910777774,OK,HIGH,9.0
2027-08-02,31,MR9,5945.0,0.00614865826750857,36.55377340033845,1.6139769195040907,3,HIGH,MR9,122.8,0.1485112007168459,13.0,5.428644778415766,826.87365940925,4.4207205035959,OK,HIGH,10.0
2027-08-02,31,MR12,5945.0,0.0020442974237591155,12.153348184247942,0.6709207079750787,3,HIGH,,,,,,,,NO_DATA,LOW,
2027-08-02,31,MR14,5945.0,0.0010944821871828642,6.506696602802127,0.5742463763505847,3,HIGH,,,,,,,,NO_DATA,LOW,
2027-08-09,32,MR1,5883.0,0.008518628073580574,50.115088956874516,0.9223680050584888,3,HIGH,MR1,106.61,5.663263549382716,13.0,283.81495656353974,18.824834668275376,266.21795006429016,HIGH,HIGH,1.0
2027-08-09,32,MR11,5883.0,0.07932536020107216,466.6710940629075,1.2216504379906494,3,HIGH,MR11,76.5,0.26795746527777775,13.0,125.04800348350409,285.4930722706172,163.46144246209684,HIGH,HIGH,2.0
2027-08-09,32,MR5,5883.0,0.18850641396694875,1108.9832333675595,1.1900027509543407,3,HIGH,MR5,229.5,0.2931391912262873,13.0,325.0864481128794,782.904527504269,141.64986845877098,HIGH,HIGH,3.0
2027-08-09,32,MR7,5883.0,0.5215990504595984,3068.5672138538175,0.904748200484815,3,HIGH,MR7,269.0,0.09482124222436723,13.0,290.9653550665845,2836.91706298773,108.16555950430651,TIGHT,HIGH,4.0
2027-08-09,32,MR4,5883.0,0.005262406196769475,30.95873565559482,0.887099357807517,3,HIGH,MR4,38.0,0.8674575138888889,13.0,26.855387864945584,43.80618000487728,70.67207332880416,OK,HIGH,5.0
2027-08-09,32,MR3,5883.0,0.049673703288274265,292.2303964449175,0.7902890413608712,3,HIGH,MR3,146.3,0.2787262201058201,13.0,81.45227380111714,524.8878270026277,55.674828298781364,OK,HIGH,6.0
2027-08-09,32,MR2,5883.0,0.03746384465639399,220.39979811356585,1.1523370798019983,3,HIGH,MR2,192.0,0.43565317973856205,13.0,96.0178728619121,440.7175453538989,50.00930878224589,OK,HIGH,7.0
2027-08-09,32,MR6,5883.0,0.09619037146155537,565.8879553083302,0.8818336001887811,3,HIGH,MR6,154.0,0.09611902077151334,13.0,54.39259613063061,1602.1802840259559,35.31986761729261,OK,HIGH,8.0
2027-08-09,32,MR8,5883.0,0.005397544286890713,31.753753039778065,0.8022487649833651,3,HIGH,MR8,30.8,0.0878110477582846,7.0,2.7883303246807265,350.7531317105159,9.053020534677684,OK,HIGH,9.0
2027-08-09,32,MR9,5883.0,0.002823432632457679,16.610254176748526,0.6634392082603879,3,HIGH,MR9,122.8,0.1485112007168459,13.0,2.4668087920009283,826.87365940925,2.008801947883492,OK,HIGH,10.0
2027-08-09,32,MR12,5883.0,0.0031912952354639346,18.774389870234327,0.9375638198688826,3,HIGH,,,,,,,,NO_DATA,LOW,
2027-08-09,32,MR14,5883.0,0.002047949540994839,12.048087149672638,0.9618681808060565,3,HIGH,,,,,,,,NO_DATA,LOW,
2027-08-16,33,MR1,5359.0,0.0056803727595924475,30.441117618655927,0.6816594086871386,3,HIGH,MR1,106.61,5.663263549382716,13.0,172.3960718122061,18.824834668275376,161.7072242868456,HIGH,HIGH,1.0
2027-08-16,33,MR11,5359.0,0.07913529394759442,424.0860402651585,1.3507069884744238,3,HIGH,MR11,76.5,0.26795746527777775,13.0,113.63702040914146,285.4930722706172,148.54512471783195,HIGH,HIGH,2.0
2027-08-16,33,MR7,5359.0,0.5527080227728487,2961.962294039696,1.0625337389911615,3,HIGH,MR7,269.0,0.09482124222436723,13.0,280.85694414258046,2836.91706298773,104.40778592660985,TIGHT,HIGH,3.0
2027-08-16,33,MR5,5359.0,0.15023994181869973,805.1358482064119,1.0511465401056272,3,HIGH,MR5,229.5,0.2931391912262873,13.0,236.01687137051837,782.904527504269,102.8395953684176,TIGHT,HIGH,4.0
2027-08-16,33,MR3,5359.0,0.05345232400129353,286.451004322932,0.9425014737061013,3,HIGH,MR3,146.3,0.2787262201058201,13.0,79.84140568044677,524.8878270026277,54.57375644596498,OK,HIGH,5.0
2027-08-16,33,MR4,5359.0,0.0037500905867064826,20.09673545416004,0.7006250819123064,3,HIGH,MR4,38.0,0.8674575138888889,13.0,17.43306417434836,43.80618000487728,45.876484669337785,OK,HIGH,6.0
2027-08-16,33,MR2,5359.0,0.0342773802159975,183.6924805775306,1.168505711384645,3,HIGH,MR2,192.0,0.43565317973856205,13.0,80.02621325766526,440.7175453538989,41.68031940503399,OK,HIGH,7.0
2027-08-16,33,MR6,5359.0,0.10833983405228682,580.5931706862051,1.100776708092046,3,HIGH,MR6,154.0,0.09611902077151334,13.0,55.806047032986136,1602.1802840259559,36.23769287856243,OK,HIGH,8.0
2027-08-16,33,MR8,5359.0,0.005498085824825344,29.46424193523902,0.9056916889084629,3,HIGH,MR8,30.8,0.0878110477582846,7.0,2.5872859557369257,350.7531317105159,8.40027907706794,OK,HIGH,9.0
2027-08-16,33,MR9,5359.0,0.0036984088466693863,19.81977300930124,0.9631515952695702,3,HIGH,MR9,122.8,0.1485112007168459,13.0,2.9434582875466613,826.87365940925,2.3969530028881607,OK,HIGH,10.0
2027-08-16,33,MR12,5359.0,0.002209794423476481,11.842288315410462,0.7195181507406805,3,HIGH,,,,,,,,NO_DATA,LOW,
2027-08-16,33,MR14,5359.0,0.0010104507500090527,5.415005569298513,0.5259778816893045,3,HIGH,,,,,,,,NO_DATA,LOW,
2027-08-23,34,MR1,5732.0,0.007360344146563083,42.189492648099595,0.8296569202370148,3,HIGH,MR1,106.61,5.663263549382716,13.0,238.9302158809325,18.824834668275376,224.11613908726434,HIGH,HIGH,1.0
2027-08-23,34,MR7,5732.0,0.5791845678021998,3319.8859426422096,1.0458605072752942,3,HIGH,MR7,269.0,0.09482124222436723,13.0,314.7957091245487,2836.91706298773,117.0244271838471,HIGH,HIGH,2.0
2027-08-23,34,MR11,5732.0,0.05483252685254881,314.30004391880976,0.8791014746049803,3,HIGH,MR11,76.5,0.26795746527777775,13.0,84.21904310517849,285.4930722706172,110.0902524250699,HIGH,HIGH,3.0
2027-08-23,34,MR5,5732.0,0.1327100109449824,760.693782736639,0.872150361140805,3,HIGH,MR5,229.5,0.2931391912262873,13.0,222.98916024228348,782.904527504269,97.1630327853087,TIGHT,HIGH,4.0
2027-08-23,34,MR3,5732.0,0.07138171607799523,409.1599965590687,1.182257973877747,3,HIGH,MR3,146.3,0.2787262201058201,13.0,114.04361925941957,524.8878270026277,77.95189286358138,OK,HIGH,5.0
2027-08-23,34,MR4,5732.0,0.0037689053728039187,21.603365596912063,0.6614072898312242,3,HIGH,MR4,38.0,0.8674575138888889,13.0,18.740001812330092,43.80618000487728,49.31579424297393,OK,HIGH,6.0
2027-08-23,34,MR6,5732.0,0.10865304441954958,622.7992506128581,1.0369618684967312,3,HIGH,MR6,154.0,0.09611902077151334,13.0,59.862854106140254,1602.1802840259559,38.87198318580536,OK,HIGH,7.0
2027-08-23,34,MR2,5732.0,0.022765754501639146,130.49330480339557,0.7289791172126946,3,HIGH,MR2,192.0,0.43565317973856205,13.0,56.84982317219266,440.7175453538989,29.609282902183676,OK,HIGH,8.0
2027-08-23,34,MR8,5732.0,0.00955824185549315,54.78784231568674,1.4789609411065536,3,HIGH,MR8,30.8,0.0878110477582846,7.0,4.810977838156134,350.7531317105159,15.620057916091346,OK,HIGH,9.0
2027-08-23,34,MR9,5732.0,0.003426765576957134,19.642220287118292,0.8382507413626782,3,HIGH,MR9,122.8,0.1485112007168459,13.0,2.917089719584727,826.87365940925,2.3754802276748594,OK,HIGH,10.0
2027-08-23,34,MR12,5732.0,0.003958344440887159,22.689230335165195,1.2106351649327394,3,HIGH,,,,,,,,NO_DATA,LOW,
2027-08-23,34,MR14,5732.0,0.002399778008380287,13.755527544035804,1.1733652490165518,3,HIGH,,,,,,,,NO_DATA,LOW,
2027-08-30,35,MR1,5571.0,0.0061279562875013426,34.13884447766998,0.7883338602592476,3,HIGH,MR1,106.61,5.663263549382716,13.0,193.3372735484338,18.824834668275376,181.3500361583658,HIGH,HIGH,1.0
2027-08-30,35,MR11,5571.0,0.08549386525908853,476.2863233583822,1.5643351503512677,3,HIGH,MR11,76.5,0.26795746527777775,13.0,127.62447595358412,285.4930722706172,166.82938033148253,HIGH,HIGH,2.0
2027-08-30,35,MR7,5571.0,0.5600302578192837,3119.9285663112296,1.1541503226001328,3,HIGH,MR7,269.0,0.09482124222436723,13.0,295.8355023089199,2836.91706298773,109.97602316316726,TIGHT,HIGH,3.0
2027-08-30,35,MR5,5571.0,0.14589958653065754,812.8065965622932,1.094298601218684,3,HIGH,MR5,229.5,0.2931391912262873,13.0,238.2654683396618,782.904527504269,103.81937618285917,TIGHT,HIGH,4.0
2027-08-30,35,MR3,5571.0,0.05465628929069001,304.49018763843407,1.0331408022007347,3,HIGH,MR3,146.3,0.2787262201058201,13.0,84.86939905977263,524.8878270026277,58.01052567311867,OK,HIGH,5.0
2027-08-30,35,MR2,5571.0,0.04058847110256782,226.11837251240533,1.4833028619190345,3,HIGH,MR2,192.0,0.43565317973856205,13.0,98.50918798233805,440.7175453538989,51.30686874080107,OK,HIGH,6.0
2027-08-30,35,MR4,5571.0,0.003385080621290151,18.85828414120743,0.6779799697106493,3,HIGH,MR4,38.0,0.8674575138888889,13.0,16.358760277342057,43.80618000487728,43.049369150900155,OK,HIGH,7.0
2027-08-30,35,MR6,5571.0,0.09018564751297645,502.4242422947918,0.9823187140141992,3,HIGH,MR6,154.0,0.09611902077151334,13.0,48.292526181244945,1602.1802840259559,31.358783234574638,OK,HIGH,8.0
2027-08-30,35,MR8,5571.0,0.005440905936864628,30.311286974272843,0.9608243702874365,3,HIGH,MR8,30.8,0.0878110477582846,7.0,2.6616658681129426,350.7531317105159,8.641772299067995,OK,HIGH,9.0
2027-08-30,35,MR9,5571.0,0.0026699019588887637,14.874023812969302,0.7453821144020865,3,HIGH,MR9,122.8,0.1485112007168459,13.0,2.2089591359550296,826.87365940925,1.798826657943835,OK,HIGH,10.0
2027-08-30,35,MR12,5571.0,0.00349263180813386,19.457451803113734,1.2191204327172096,3,HIGH,,,,,,,,NO_DATA,LOW,
2027-08-30,35,MR14,5571.0,0.002029405872057149,11.305820113230377,1.1324659901814211,3,HIGH,,,,,,,,NO_DATA,LOW,
2027-09-06,36,MR1,5839.0,0.0077330854293606735,45.15348582203697,0.9003951944356623,3,HIGH,MR1,106.61,5.663263549382716,13.0,255.71609038351124,18.824834668275376,239.8612610294637,HIGH,HIGH,1.0
2027-09-06,36,MR5,5839.0,0.16043314761088223,936.7691488999413,1.0890848724506614,3,HIGH,MR5,229.5,0.2931391912262873,13.0,274.6037506742663,782.904527504269,119.6530504027304,HIGH,HIGH,2.0
2027-09-06,36,MR7,5839.0,0.5614193458393849,3278.1275603561685,1.0471866513067436,3,HIGH,MR7,269.0,0.09482124222436723,13.0,310.8361274429063,2836.91706298773,115.5524637334224,HIGH,HIGH,3.0
2027-09-06,36,MR11,5839.0,0.05201855690212521,303.7363537515091,0.861467682759138,3,HIGH,MR11,76.5,0.26795746527777775,13.0,81.38842346396882,285.4930722706172,106.39009603133178,TIGHT,HIGH,4.0
2027-09-06,36,MR4,5839.0,0.005006772329381365,29.23454363125779,0.9075938168950504,3,HIGH,MR4,38.0,0.8674575138888889,13.0,25.359724538047132,43.80618000487728,66.73611720538719,OK,HIGH,5.0
2027-09-06,36,MR3,5839.0,0.048319518182575426,282.13766666805793,0.8266616753075668,3,HIGH,MR3,146.3,0.2787262201058201,13.0,78.63916537986361,524.8878270026277,53.75199274085004,OK,HIGH,6.0
2027-09-06,36,MR6,5839.0,0.1237414422216376,722.526281132142,1.2198768847899977,3,HIGH,MR6,154.0,0.09611902077151334,13.0,69.44851862410464,1602.1802840259559,45.096440665003016,OK,HIGH,7.0
2027-09-06,36,MR2,5839.0,0.024123278650330603,140.8558240392804,0.7979015598868343,3,HIGH,MR2,192.0,0.43565317973856205,13.0,61.3642876274079,440.7175453538989,31.96056647260828,OK,HIGH,8.0
2027-09-06,36,MR8,5839.0,0.009544053794790675,55.72773010778275,1.525427281265421,3,HIGH,MR8,30.8,0.0878110477582846,7.0,4.8935103699553055,350.7531317105159,15.888020681673071,OK,HIGH,9.0
2027-09-06,36,MR9,5839.0,0.003438324561589655,20.076377115121996,0.8687930972882203,3,HIGH,MR9,122.8,0.1485112007168459,13.0,2.9815668714109744,826.87365940925,2.4279860516376015,OK,HIGH,10.0
2027-09-06,36,MR12,5839.0,0.002647030915444102,15.45601351527811,0.8362548651088453,3,HIGH,,,,,,,,NO_DATA,LOW,
2027-09-06,36,MR14,5839.0,0.001575443562497643,9.199014961423737,0.795691912926382,3,HIGH,,,,,,,,NO_DATA,LOW,
2027-09-13,37,MR1,5817.0,0.011810064628813087,68.69914594580572,1.159674359785014,3,HIGH,MR1,106.61,5.663263549382716,13.0,389.06136910860494,18.824834668275376,364.93890733383824,HIGH,HIGH,1.0
2027-09-13,37,MR5,5817.0,0.18594243100273425,1081.627121142905,1.0645095120031045,3,HIGH,MR5,229.5,0.2931391912262873,13.0,317.0672995002486,782.904527504269,138.1556860567532,HIGH,HIGH,2.0
2027-09-13,37,MR4,5817.0,0.009403355306419729,54.699317817443564,1.4375400460165135,3,HIGH,MR4,38.0,0.8674575138888889,13.0,47.4493342453378,43.80618000487728,124.86666906667843,HIGH,HIGH,3.0
2027-09-13,37,MR11,5817.0,0.05993292093926243,348.62980110368954,0.8370464421658583,3,HIGH,MR11,76.5,0.26795746527777775,13.0,93.41795782404046,285.4930722706172,122.1149775477653,HIGH,HIGH,4.0
2027-09-13,37,MR7,5817.0,0.5190337015469334,3019.2190418985115,0.8164614843216066,3,HIGH,MR7,269.0,0.09482124222436723,13.0,286.2861001002807,2836.91706298773,106.42605951683296,TIGHT,HIGH,5.0
2027-09-13,37,MR3,5817.0,0.06388867671734011,371.6404324647674,0.9217911244281982,3,HIGH,MR3,146.3,0.2787262201058201,13.0,103.58593297939693,524.8878270026277,70.80378194080446,OK,HIGH,6.0
2027-09-13,37,MR6,5817.0,0.11315002497062496,658.1936952541254,0.9407168065861093,3,HIGH,MR6,154.0,0.09611902077151334,13.0,63.264933465810394,1602.1802840259559,41.0811256271496,OK,HIGH,7.0
2027-09-13,37,MR2,5817.0,0.022225531065133468,129.28591420588137,0.6199669640462778,3,HIGH,MR2,192.0,0.43565317973856205,13.0,56.32381961919915,440.7175453538989,29.33532271833289,OK,HIGH,8.0
2027-09-13,37,MR8,5817.0,0.0058943272226855805,34.28730145436202,0.7945043749568872,3,HIGH,MR8,30.8,0.0878110477582846,7.0,3.0108038655116847,350.7531317105159,9.775337225687288,OK,HIGH,9.0
2027-09-13,37,MR9,5817.0,0.0038929139129239,22.645080231478328,0.8295598270749223,3,HIGH,MR9,122.8,0.1485112007168459,13.0,3.363048055506157,826.87365940925,2.7386384816825387,OK,HIGH,10.0
2027-09-13,37,MR12,5817.0,0.003652170561487293,21.244676156171582,0.9730476669675758,3,HIGH,,,,,,,,NO_DATA,LOW,
2027-09-13,37,MR14,5817.0,0.0011738821256419092,6.828472324858986,0.5,3,HIGH,,,,,,,,NO_DATA,LOW,
2027-09-20,38,MR1,4986.0,0.011868472224368,59.17620251069884,1.0581032706801425,3,HIGH,MR1,106.61,5.663263549382716,13.0,335.13043066973074,18.824834668275376,314.3517781350068,HIGH,HIGH,1.0
2027-09-20,38,MR5,4986.0,0.16236033579580414,809.5286342778794,0.8439183708473766,3,HIGH,MR5,229.5,0.2931391912262873,13.0,237.30456912673847,782.904527504269,103.40068371535445,TIGHT,HIGH,2.0
2027-09-20,38,MR4,4986.0,0.009018971109767486,44.968589953300686,1.251824824161582,3,HIGH,MR4,38.0,0.8674575138888889,13.0,39.00834124397908,43.80618000487728,102.65352958941864,TIGHT,HIGH,3.0
2027-09-20,38,MR7,4986.0,0.5285911565923587,2635.5555067695004,0.7549348869088417,3,HIGH,MR7,269.0,0.09482124222436723,13.0,249.90664710315573,2836.91706298773,92.90209929485343,TIGHT,HIGH,4.0
2027-09-20,38,MR11,4986.0,0.047006720410205524,234.37550796528475,0.5960648618368418,3,HIGH,MR11,76.5,0.26795746527777775,13.0,62.802667037569314,285.4930722706172,82.09498959159387,OK,HIGH,5.0
2027-09-20,38,MR3,4986.0,0.05376899278496227,268.09219802582186,0.7043523835810409,3,HIGH,MR3,146.3,0.2787262201058201,13.0,74.72432499559834,524.8878270026277,51.076093640190244,OK,HIGH,6.0
2027-09-20,38,MR6,4986.0,0.14312457953582003,713.6191535655987,1.0803585940169096,3,HIGH,MR6,154.0,0.09611902077151334,13.0,68.59237424452155,1602.1802840259559,44.540502756182825,OK,HIGH,7.0
2027-09-20,38,MR2,4986.0,0.030071198710211324,149.93499676911367,0.7615818751494602,3,HIGH,MR2,192.0,0.43565317973856205,13.0,65.3196580965554,440.7175453538989,34.020655258622604,OK,HIGH,8.0
2027-09-20,38,MR8,4986.0,0.006038577453315645,30.108347182231807,0.7390029131004621,3,HIGH,MR8,30.8,0.0878110477582846,7.0,2.643845512341971,350.7531317105159,8.583914001110294,OK,HIGH,9.0
2027-09-20,38,MR9,4986.0,0.003236573279559796,16.13755437188514,0.6261924327414341,3,HIGH,MR9,122.8,0.1485112007168459,13.0,2.3966075764020482,826.87365940925,1.9516348342036225,OK,HIGH,10.0
2027-09-20,38,MR12,4986.0,0.002823526450806092,14.078102883719174,0.6830057863347787,3,HIGH,,,,,,,,NO_DATA,LOW,
2027-09-20,38,MR14,4986.0,0.0020908956528210886,10.425205724965947,0.8085880756221437,3,HIGH,,,,,,,,NO_DATA,LOW,
2027-09-27,39,MR1,4786.0,0.0075596163633801314,36.18032391513731,0.9124509194007322,2,MEDIUM,MR1,106.61,5.663263549382716,13.0,204.89870963345686,18.824834668275376,192.1946436858239,HIGH,HIGH,1.0
2027-09-27,39,MR11,4786.0,0.06734121476017761,322.29505384221005,1.1560883708247913,2,MEDIUM,MR11,76.5,0.26795746527777775,13.0,86.36136569912351,285.4930722706172,112.89067411650132,HIGH,HIGH,2.0
2027-09-27,39,MR5,4786.0,0.15840981132539492,758.1493570033401,1.1147541412605873,2,MEDIUM,MR5,229.5,0.2931391912262873,13.0,222.24328934068888,782.904527504269,96.83803457110626,TIGHT,HIGH,3.0
2027-09-27,39,MR7,4786.0,0.5629574163723085,2694.3141947578683,1.0885331633624087,2,MEDIUM,MR7,269.0,0.09482124222436723,13.0,255.4782188896868,2836.91706298773,94.97331557237428,TIGHT,HIGH,4.0
2027-09-27,39,MR4,4786.0,0.006556703768957884,31.380384238232434,1.2321076218491065,2,MEDIUM,MR4,38.0,0.8674575138888889,13.0,27.221150096175183,43.80618000487728,71.63460551625049,OK,HIGH,5.0
2027-09-27,39,MR3,4786.0,0.05362562079758557,256.65222113724457,0.9510578572045688,2,MEDIUM,MR3,146.3,0.2787262201058201,13.0,71.53570347934725,524.8878270026277,48.896584743231195,OK,HIGH,6.0
2027-09-27,39,MR2,4786.0,0.028957376718316292,138.59000497386177,0.9928910432378291,2,MEDIUM,MR2,192.0,0.43565317973856205,13.0,60.37717634684601,440.7175453538989,31.446446013982293,OK,HIGH,7.0
2027-09-27,39,MR6,4786.0,0.10002447702530491,478.7171470431093,1.0222015005821223,2,MEDIUM,MR6,154.0,0.09611902077151334,13.0,46.01382340031623,1602.1802840259559,29.879106104101442,OK,HIGH,8.0
2027-09-27,39,MR8,4786.0,0.005581825840543503,26.714618472841206,0.9248351100239309,2,MEDIUM,MR8,30.8,0.0878110477582846,7.0,2.3458386385630114,350.7531317105159,7.616359216113673,OK,HIGH,9.0
2027-09-27,39,MR9,4786.0,0.003933729276026674,18.82682831506366,1.0303940833899032,2,MEDIUM,MR9,122.8,0.1485112007168459,13.0,2.795994878760017,826.87365940925,2.2768687937785153,OK,HIGH,10.0
2027-09-27,39,MR12,4786.0,0.003241453387615855,15.513595913129482,1.0615704497358411,2,MEDIUM,,,,,,,,NO_DATA,LOW,
2027-09-27,39,MR14,4786.0,0.0018107543643879067,8.666270387960521,0.948049538229899,2,MEDIUM,,,,,,,,NO_DATA,LOW,
2027-10-04,40,MR1,5200.0,0.009697800656579256,50.42856341421213,1.0476900247825156,2,MEDIUM,MR1,106.61,5.663263549382716,13.0,285.59024503144235,18.824834668275376,267.8831676497912,HIGH,HIGH,1.0
2027-10-04,40,MR11,5200.0,0.07902601476959033,410.9352768018697,1.214311106180309,2,MEDIUM,MR11,76.5,0.26795746527777775,13.0,110.11317516505099,285.4930722706172,143.93879106542613,HIGH,HIGH,2.0
2027-10-04,40,MR7,5200.0,0.5765527090431614,2998.074087024439,0.997826277010532,2,MEDIUM,MR7,269.0,0.09482124222436723,13.0,284.281109212343,2836.91706298773,105.68070974436543,TIGHT,HIGH,3.0
2027-10-04,40,MR4,5200.0,0.008336373694297567,43.34914321034735,1.402135726871605,2,MEDIUM,MR4,38.0,0.8674575138888889,13.0,37.60353999846132,43.80618000487728,98.95668420647716,TIGHT,HIGH,4.0
2027-10-04,40,MR5,5200.0,0.12990462428316682,675.5040462724675,0.8182225198851945,2,MEDIUM,MR5,229.5,0.2931391912262873,13.0,198.01670979439567,782.904527504269,86.28179076008526,OK,HIGH,5.0
2027-10-04,40,MR3,5200.0,0.05006494106437461,260.337693534748,0.7947272668887484,2,MEDIUM,MR3,146.3,0.2787262201058201,13.0,72.5629412700077,524.8878270026277,49.59872950786582,OK,HIGH,6.0
2027-10-04,40,MR6,5200.0,0.10108898832030733,525.6627392655981,0.9246638403207762,2,MEDIUM,MR6,154.0,0.09611902077151334,13.0,50.52618775428063,1602.1802840259559,32.80921282745496,OK,HIGH,7.0
2027-10-04,40,MR2,5200.0,0.02760757099356087,143.55936916651652,0.847267161085419,2,MEDIUM,MR2,192.0,0.43565317973856205,13.0,62.542095658655,440.7175453538989,32.57400815554948,OK,HIGH,8.0
2027-10-04,40,MR8,5200.0,0.006529727709732201,33.95458409060745,0.9683512063631877,2,MEDIUM,MR8,30.8,0.0878110477582846,7.0,2.9815876051930212,350.7531317105159,9.680479237639679,OK,HIGH,9.0
2027-10-04,40,MR9,5200.0,0.0037361793372101444,19.428132553492752,0.875944120904641,2,MEDIUM,MR9,122.8,0.1485112007168459,13.0,2.88529529320525,826.87365940925,2.349589000981474,OK,HIGH,10.0
2027-10-04,40,MR12,5200.0,0.005598694607170824,29.113211957288282,1.6411399523478312,2,MEDIUM,,,,,,,,NO_DATA,LOW,
2027-10-04,40,MR14,5200.0,0.0018563755208485203,9.653152708412305,0.8699356384727126,2,MEDIUM,,,,,,,,NO_DATA,LOW,
2027-10-11,41,MR1,4816.0,0.009615736967022405,46.3093892331799,1.0488949853650578,2,MEDIUM,MR1,106.61,5.663263549382716,13.0,262.26227603844416,18.824834668275376,246.0015721212308,HIGH,HIGH,1.0
2027-10-11,41,MR11,4816.0,0.06404309445060853,308.4315428741307,0.9936239976061303,2,MEDIUM,MR11,76.5,0.26795746527777775,13.0,82.6465344402663,285.4930722706172,108.03468554283175,TIGHT,HIGH,2.0
2027-10-11,41,MR7,4816.0,0.5676338232240381,2733.7244926469675,0.9919140982139547,2,MEDIUM,MR7,269.0,0.09482124222436723,13.0,259.21515229196353,2836.91706298773,96.36251014571135,TIGHT,HIGH,3.0
2027-10-11,41,MR5,4816.0,0.14316406332329543,689.4781289649908,0.9104806310226481,2,MEDIUM,MR5,229.5,0.2931391912262873,13.0,202.1130610930112,782.904527504269,88.06669328671511,OK,HIGH,4.0
2027-10-11,41,MR3,4816.0,0.06156669789098593,296.50521704298825,0.9867795565043004,2,MEDIUM,MR3,146.3,0.2787262201058201,13.0,82.6437783880479,524.8878270026277,56.48925385375796,OK,HIGH,5.0
2027-10-11,41,MR4,4816.0,0.005006181113155027,24.10976824095461,0.8501769305820506,2,MEDIUM,MR4,38.0,0.8674575138888889,13.0,20.91419961873578,43.80618000487728,55.03736741772573,OK,HIGH,6.0
2027-10-11,41,MR6,4816.0,0.10835090144609417,521.8179413643895,1.000696615919116,2,MEDIUM,MR6,154.0,0.09611902077151334,13.0,50.15662954495209,1602.1802840259559,32.569239964254606,OK,HIGH,7.0
2027-10-11,41,MR2,4816.0,0.028392929629162972,136.74034909404887,0.8798168200678902,2,MEDIUM,MR2,192.0,0.43565317973856205,13.0,59.57136788138339,440.7175453538989,31.026754104887182,OK,HIGH,8.0
2027-10-11,41,MR8,4816.0,0.005050888628781965,24.325079636213943,0.7563024318286736,2,MEDIUM,MR8,30.8,0.0878110477582846,7.0,2.1360107296596587,350.7531317105159,6.9350997716222675,OK,HIGH,9.0
2027-10-11,41,MR9,4816.0,0.00372338478975913,17.931821147479972,0.8814069813140877,2,MEDIUM,MR9,122.8,0.1485112007168459,13.0,2.66307628965198,826.87365940925,2.168628900368062,OK,HIGH,10.0
2027-10-11,41,MR12,4816.0,0.0021619652111700004,10.412024456994722,0.6398783537803561,2,MEDIUM,,,,,,,,NO_DATA,LOW,
2027-10-11,41,MR14,4816.0,0.0012903333259262507,6.214245297660823,0.6105385373922448,2,MEDIUM,,,,,,,,NO_DATA,LOW,
2027-10-18,42,MR1,5231.0,0.012075797390982218,63.16849615222798,1.3737381824115529,2,MEDIUM,MR1,106.61,5.663263549382716,13.0,357.7398417282351,18.824834668275376,335.55936753422293,HIGH,HIGH,1.0
2027-10-18,42,MR11,5231.0,0.06713269637200009,351.17113472193245,1.0862319483161658,2,MEDIUM,MR11,76.5,0.26795746527777775,13.0,94.09892713881003,285.4930722706172,123.00513351478435,HIGH,HIGH,2.0
2027-10-18,42,MR7,5231.0,0.5811895015097097,3040.2022823972916,1.0591617185268718,2,MEDIUM,MR7,269.0,0.09482124222436723,13.0,288.2757570302677,2836.91706298773,107.16570893318502,TIGHT,HIGH,3.0
2027-10-18,42,MR5,5231.0,0.12961062232271567,677.9931653701257,0.8596387985932303,2,MEDIUM,MR5,229.5,0.2931391912262873,13.0,198.7463681535491,782.904527504269,86.59972468564231,OK,HIGH,4.0
2027-10-18,42,MR3,5231.0,0.060133804097330074,314.55992923313363,1.0051518548053524,2,MEDIUM,MR3,146.3,0.2787262201058201,13.0,87.6761000719056,524.8878270026277,59.928981593920426,OK,HIGH,5.0
2027-10-18,42,MR4,5231.0,0.004451716177589485,23.2869273249706,0.7884405353060244,2,MEDIUM,MR4,38.0,0.8674575138888889,13.0,20.20042008343023,43.80618000487728,53.15900021955324,OK,HIGH,6.0
2027-10-18,42,MR2,5231.0,0.029967567168850195,156.76034386025538,0.9684389747852549,2,MEDIUM,MR2,192.0,0.43565317973856205,13.0,68.29314225963063,440.7175453538989,35.56934492689095,OK,HIGH,7.0
2027-10-18,42,MR6,5231.0,0.09758821902430052,510.48397371611605,0.9399527265455858,2,MEDIUM,MR6,154.0,0.09611902077151334,13.0,49.06721967314403,1602.1802840259559,31.861830956587035,OK,HIGH,8.0
2027-10-18,42,MR8,5231.0,0.00505098136405671,26.42168351538065,0.7887551138443906,2,MEDIUM,MR8,30.8,0.0878110477582846,7.0,2.3201157130233714,350.7531317105159,7.532843224101855,OK,HIGH,9.0
2027-10-18,42,MR9,5231.0,0.005431021179208796,28.40967178844121,1.3407838793811853,2,MEDIUM,MR9,122.8,0.1485112007168459,13.0,4.219154469272906,826.87365940925,3.4357935417531813,OK,HIGH,10.0
2027-10-18,42,MR14,5231.0,0.0037872258303316276,19.810978318464745,1.8688355547072981,2,MEDIUM,,,,,,,,NO_DATA,LOW,
2027-10-18,42,MR12,5231.0,0.0035808475629249235,18.731413601660275,1.1052824352922026,2,MEDIUM,,,,,,,,NO_DATA,LOW,
2027-10-25,43,MR1,4716.0,0.011327215878159947,53.419150081402314,1.3149077539697918,2,MEDIUM,MR1,106.61,5.663263549382716,13.0,302.52672549501045,18.824834668275376,283.7695577291159,HIGH,HIGH,1.0
2027-10-25,43,MR7,4716.0,0.5870583948483019,2768.5673901045916,1.091716250387702,2,MEDIUM,MR7,269.0,0.09482124222436723,13.0,262.5189991115917,2836.91706298773,97.5907059894393,TIGHT,HIGH,2.0
2027-10-25,43,MR11,4716.0,0.05713266712625192,269.43765816740404,0.9433154274901245,2,MEDIUM,MR11,76.5,0.26795746527777775,13.0,72.19783193291792,285.4930722706172,94.37625089270315,TIGHT,HIGH,3.0
2027-10-25,43,MR5,4716.0,0.1368763549328082,645.5088898631235,0.9263770794451006,2,MEDIUM,MR5,229.5,0.2931391912262873,13.0,189.22395390385458,782.904527504269,82.45052457684295,OK,HIGH,4.0
2027-10-25,43,MR4,4716.0,0.006774769807738328,31.949814413293957,1.2243905724396034,2,MEDIUM,MR4,38.0,0.8674575138888889,13.0,27.715106580167365,43.80618000487728,72.93449100044043,OK,HIGH,5.0
2027-10-25,43,MR3,4716.0,0.0636448216747102,300.1489790179333,1.085575494656812,2,MEDIUM,MR3,146.3,0.2787262201058201,13.0,83.65939039028966,524.8878270026277,57.18345207812007,OK,HIGH,6.0
2027-10-25,43,MR2,4716.0,0.033351990279904487,157.28798616002956,1.099832337186764,2,MEDIUM,MR2,192.0,0.43565317973856205,13.0,68.52301130529182,440.7175453538989,35.68906838817282,OK,HIGH,7.0
2027-10-25,43,MR6,4716.0,0.09093912219385414,428.86890026621614,0.8938061421136752,2,MEDIUM,MR6,154.0,0.09611902077151334,13.0,41.22245873294451,1602.1802840259559,26.76783034606786,OK,HIGH,8.0
2027-10-25,43,MR8,4716.0,0.00455178972182974,21.466240328149052,0.7253248717227619,2,MEDIUM,MR8,30.8,0.0878110477582846,7.0,1.8849730546459114,350.7531317105159,6.120042385213998,OK,HIGH,9.0
2027-10-25,43,MR9,4716.0,0.0041493179597226065,19.568183498051813,1.0452927935974847,2,MEDIUM,MR9,122.8,0.1485112007168459,13.0,2.9060944271432443,826.87365940925,2.3665264064684397,OK,HIGH,10.0
2027-10-25,43,MR12,4716.0,0.002402985555159765,11.332479878133451,0.756872197475323,2,MEDIUM,,,,,,,,NO_DATA,LOW,
2027-10-25,43,MR14,4716.0,0.0017905700215587997,8.444328221671299,0.9016233525251561,2,MEDIUM,,,,,,,,NO_DATA,LOW,
2027-11-01,44,MR1,5669.0,0.0073199307771270525,41.49668757553326,0.8159123127288304,2,MEDIUM,MR1,106.61,5.663263549382716,13.0,235.0066781666401,18.824834668275376,220.43586733574722,HIGH,HIGH,1.0
2027-11-01,44,MR7,5669.0,0.5908961262030267,3349.790139444958,1.055125256963966,2,MEDIUM,MR7,269.0,0.09482124222436723,13.0,317.6312622131073,2836.91706298773,118.07853613870158,HIGH,HIGH,2.0
2027-11-01,44,MR11,5669.0,0.05753790759720171,326.1823981685365,0.9122017624318717,2,MEDIUM,MR11,76.5,0.26795746527777775,13.0,87.4030086314679,285.4930722706172,114.25229886466393,HIGH,HIGH,3.0
2027-11-01,44,MR5,5669.0,0.12191853549910657,691.1561777444351,0.7923070333161139,2,MEDIUM,MR5,229.5,0.2931391912262873,13.0,202.60496295505578,782.904527504269,88.28102961004609,OK,HIGH,4.0
2027-11-01,44,MR3,5669.0,0.05718829853860933,324.2004644153763,0.9366310199269532,2,MEDIUM,MR3,146.3,0.2787262201058201,13.0,90.36317000304928,524.8878270026277,61.765666440908596,OK,HIGH,5.0
2027-11-01,44,MR4,5669.0,0.0045025560826070675,25.524990432299465,0.7813560309300869,2,MEDIUM,MR4,38.0,0.8674575138888889,13.0,22.14184474244017,43.80618000487728,58.26801248010571,OK,HIGH,6.0
2027-11-01,44,MR6,5669.0,0.11850129335430455,671.7838320255526,1.1183559982770883,2,MEDIUM,MR6,154.0,0.09611902077151334,13.0,64.57120410443092,1602.1802840259559,41.92935331456553,OK,HIGH,7.0
2027-11-01,44,MR2,5669.0,0.02650798794366734,150.27378365265014,0.8393554168955524,2,MEDIUM,MR2,192.0,0.43565317973856205,13.0,65.46725167962178,440.7175453538989,34.097526916469675,OK,HIGH,8.0
2027-11-01,44,MR8,5669.0,0.0050320647713920155,28.526775189021336,0.7699473094943727,2,MEDIUM,MR8,30.8,0.0878110477582846,7.0,2.504966018513001,350.7531317105159,8.133006553613638,OK,HIGH,9.0
2027-11-01,44,MR9,5669.0,0.003685856783276125,20.895122104392353,0.8915877666226018,2,MEDIUM,MR9,122.8,0.1485112007168459,13.0,3.1031596728484163,826.87365940925,2.527002990918906,OK,HIGH,10.0
2027-11-01,44,MR12,5669.0,0.005552203302407559,31.475440521348453,1.6791950927145458,2,MEDIUM,,,,,,,,NO_DATA,LOW,
2027-11-01,44,MR14,5669.0,0.0013572391472740147,7.69418872589639,0.6562277995143726,2,MEDIUM,,,,,,,,NO_DATA,LOW,
2027-11-08,45,MR1,4840.0,0.008633658686103175,41.78690804073937,1.0463433041314392,2,MEDIUM,MR1,106.61,5.663263549382716,13.0,236.6502731485268,18.824834668275376,221.97755665371614,HIGH,HIGH,1.0
2027-11-08,45,MR5,4840.0,0.18088630630832989,875.4897225323167,1.2781218970272614,2,MEDIUM,MR5,229.5,0.2931391912262873,13.0,256.64034919004996,782.904527504269,111.82586021352941,HIGH,HIGH,2.0
2027-11-08,45,MR11,4840.0,0.0603042371504004,291.87250780793795,1.039507151138807,2,MEDIUM,MR11,76.5,0.26795746527777775,13.0,78.20941737648344,285.4930722706172,102.23453251827901,TIGHT,HIGH,3.0
2027-11-08,45,MR7,4840.0,0.5190265924241401,2512.088707332838,1.0076861664181034,2,MEDIUM,MR7,269.0,0.09482124222436723,13.0,238.1993718071046,2836.91706298773,88.54995234464855,OK,HIGH,4.0
2027-11-08,45,MR4,4840.0,0.005744904868546347,27.80533956376432,1.0839655749879862,2,MEDIUM,MR4,38.0,0.8674575138888889,13.0,24.11995073081936,43.80618000487728,63.47355455478779,OK,HIGH,5.0
2027-11-08,45,MR3,4840.0,0.05647957956845215,273.3611651113084,1.0057629363106657,2,MEDIUM,MR3,146.3,0.2787262201058201,13.0,76.19292427519798,524.8878270026277,52.07992089897333,OK,HIGH,6.0
2027-11-08,45,MR2,4840.0,0.04478874166981018,216.77750968188127,1.5419873295962876,2,MEDIUM,MR2,192.0,0.43565317973856205,13.0,94.4398113887185,440.7175453538989,49.18740176495755,OK,HIGH,7.0
2027-11-08,45,MR6,4840.0,0.1106428474792491,535.5113817995657,1.1353326721573023,2,MEDIUM,MR6,154.0,0.09611902077151334,13.0,51.47282963057427,1602.1802840259559,33.423915344528744,OK,HIGH,8.0
2027-11-08,45,MR8,4840.0,0.006752830838892538,32.683701260239886,1.1234233971314715,2,MEDIUM,MR8,30.8,0.0878110477582846,7.0,2.869990052280431,350.7531317105159,9.31814952039101,OK,HIGH,9.0
2027-11-08,45,MR9,4840.0,0.0029471742822963776,14.264323526314467,0.7751295151666726,2,MEDIUM,MR9,122.8,0.1485112007168459,13.0,2.1184118143065147,826.87365940925,1.725091053995533,OK,HIGH,10.0
2027-11-08,45,MR12,4840.0,0.0022336459934702694,10.810846608396105,0.7345019460435381,2,MEDIUM,,,,,,,,NO_DATA,LOW,
2027-11-08,45,MR14,4840.0,0.001559480730309515,7.547886734698052,0.819824834854895,2,MEDIUM,,,,,,,,NO_DATA,LOW,
2027-11-15,46,MR1,5054.0,0.00939835481797164,47.49928525002866,1.013951128471337,2,MEDIUM,MR1,106.61,5.663263549382716,13.0,269.0009707782194,18.824834668275376,252.32245640954827,HIGH,HIGH,1.0
2027-11-15,46,MR5,5054.0,0.19032048961301856,961.8797545041958,1.1971208453106055,2,MEDIUM,MR5,229.5,0.2931391912262873,13.0,281.9646532922997,782.904527504269,122.86041537790837,HIGH,HIGH,2.0
2027-11-15,46,MR11,5054.0,0.06511255454487973,329.07885066982215,0.9991489808865444,2,MEDIUM,MR11,76.5,0.26795746527777775,13.0,88.17913470200988,285.4930722706172,115.26684274772532,HIGH,HIGH,3.0
2027-11-15,46,MR4,5054.0,0.00796140553062417,40.23694355177456,1.3372366064277497,2,MEDIUM,MR4,38.0,0.8674575138888889,13.0,34.90383901990992,43.80618000487728,91.85220794713136,TIGHT,HIGH,4.0
2027-11-15,46,MR7,5054.0,0.5145821321254037,2600.6980957617902,0.8893572530327949,2,MEDIUM,MR7,269.0,0.09482124222436723,13.0,246.60142409067933,2836.91706298773,91.67339185527112,TIGHT,HIGH,5.0
2027-11-15,46,MR3,5054.0,0.07145006837110238,361.1086455475514,1.1326420549464917,2,MEDIUM,MR3,146.3,0.2787262201058201,13.0,100.65044782100139,524.8878270026277,68.79729857894831,OK,HIGH,6.0
2027-11-15,46,MR2,5054.0,0.038754551876320986,195.86550518292626,1.187737656021154,2,MEDIUM,MR2,192.0,0.43565317973856205,13.0,85.32943013404163,440.7175453538989,44.44241152814668,OK,HIGH,7.0
2027-11-15,46,MR6,5054.0,0.08755803568462384,442.5183123500889,0.799800486262907,2,MEDIUM,MR6,154.0,0.09611902077151334,13.0,42.53442685655322,1602.1802840259559,27.619757699060532,OK,HIGH,8.0
2027-11-15,46,MR8,5054.0,0.00496987960201893,25.117771508603674,0.7360195055688505,2,MEDIUM,MR8,30.8,0.0878110477582846,7.0,2.205617833523678,350.7531317105159,7.161096862089862,OK,HIGH,9.0
2027-11-15,46,MR9,5054.0,0.004184618234010375,21.149060554688432,0.979738468684126,2,MEDIUM,MR9,122.8,0.1485112007168459,13.0,3.140872377010062,826.87365940925,2.5577136620603116,OK,HIGH,10.0
2027-11-15,46,MR12,5054.0,0.003099438482380046,15.664562089948753,0.9072928536545661,2,MEDIUM,,,,,,,,NO_DATA,LOW,
2027-11-15,46,MR14,5054.0,0.0026084711176455693,13.183213028580708,1.220711263797436,2,MEDIUM,,,,,,,,NO_DATA,LOW,
2027-11-22,47,MR1,5332.0,0.009721709713773147,51.83615619383842,1.3478669699040315,2,MEDIUM,MR1,106.61,5.663263549382716,13.0,293.5618139126742,18.824834668275376,275.360485801214,HIGH,HIGH,1.0
2027-11-22,47,MR4,5332.0,0.009686465331029393,51.64823314504872,2.090850759418095,2,MEDIUM,MR4,38.0,0.8674575138888889,13.0,44.80264792075767,43.80618000487728,117.90170505462545,HIGH,HIGH,2.0
2027-11-22,47,MR7,5332.0,0.5729587248321015,3055.0159208047653,1.2725770363910827,2,MEDIUM,MR7,269.0,0.09482124222436723,13.0,289.68040462592694,2836.91706298773,107.68788276056765,TIGHT,HIGH,3.0
2027-11-22,47,MR11,5332.0,0.0532794643701401,284.086104021587,1.0506657168795939,2,MEDIUM,MR11,76.5,0.26795746527777775,13.0,76.12299235426356,285.4930722706172,99.50717954805694,TIGHT,HIGH,4.0
2027-11-22,47,MR5,5332.0,0.13662921289990834,728.5069631823113,1.104422407018937,2,MEDIUM,MR5,229.5,0.2931391912262873,13.0,213.55394198998138,782.904527504269,93.05182657515529,TIGHT,HIGH,5.0
2027-11-22,47,MR3,5332.0,0.05563963048810177,296.67050976255865,1.1334789709211601,2,MEDIUM,MR3,146.3,0.2787262201058201,13.0,82.68984980298477,524.8878270026277,56.52074490976402,OK,HIGH,6.0
2027-11-22,47,MR6,5332.0,0.11302674785139512,602.6586195436388,1.3268018902747891,2,MEDIUM,MR6,154.0,0.09611902077151334,13.0,57.92695637004657,1602.1802840259559,37.614906733796474,OK,HIGH,7.0
2027-11-22,47,MR2,5332.0,0.027394926081791376,146.06974586811162,1.0789644481490621,2,MEDIUM,MR2,192.0,0.43565317973856205,13.0,63.63574925104651,440.7175453538989,33.143619401586726,OK,HIGH,8.0
2027-11-22,47,MR8,5332.0,0.010167702533827743,54.21418991036953,1.9351092280018465,2,MEDIUM,MR8,30.8,0.0878110477582846,7.0,4.76060481939617,350.7531317105159,15.456509153883669,OK,HIGH,9.0
2027-11-22,47,MR9,5332.0,0.004974485003346249,26.523954037842202,1.4967237128872055,2,MEDIUM,MR9,122.8,0.1485112007168459,13.0,3.9391042619183785,826.87365940925,3.2077396269693637,OK,HIGH,10.0
2027-11-22,47,MR12,5332.0,0.004598378044274258,24.518551732070343,1.7298495700945644,2,MEDIUM,,,,,,,,NO_DATA,LOW,
2027-11-22,47,MR14,5332.0,0.001922552850310999,10.251051797858247,1.1562304503186267,2,MEDIUM,,,,,,,,NO_DATA,LOW,
2027-11-29,48,MR1,4748.0,0.008890410926536859,42.211671079197004,1.0868866837322673,2,MEDIUM,MR1,106.61,5.663263549382716,13.0,239.05581818134897,18.824834668275376,224.23395383298845,HIGH,HIGH,1.0
2027-11-29,48,MR7,4748.0,0.5640330554536604,2678.02894729398,1.1046465813816022,2,MEDIUM,MR7,269.0,0.09482124222436723,13.0,253.93403149522965,2836.91706298773,94.39926821384002,TIGHT,HIGH,2.0
2027-11-29,48,MR5,4748.0,0.15143013674447092,718.990289262748,1.0793492854405282,2,MEDIUM,MR5,229.5,0.2931391912262873,13.0,210.7642318940363,782.904527504269,91.83626662049512,TIGHT,HIGH,3.0
2027-11-29,48,MR11,4748.0,0.05023894448649391,238.53450842187308,0.8735811790589529,2,MEDIUM,MR11,76.5,0.26795746527777775,13.0,63.91710225800584,285.4930722706172,83.55176765752398,OK,HIGH,4.0
2027-11-29,48,MR3,4748.0,0.05627148629094317,267.17701690939816,1.0108242853003264,2,MEDIUM,MR3,146.3,0.2787262201058201,13.0,74.46924002230533,524.8878270026277,50.90173617382455,OK,HIGH,5.0
2027-11-29,48,MR2,4748.0,0.04475729229865063,212.5076238339932,1.5543859354240315,2,MEDIUM,MR2,192.0,0.43565317973856205,13.0,92.57962204196537,440.7175453538989,48.21855314685696,OK,HIGH,6.0
2027-11-29,48,MR4,4748.0,0.003673819072233198,17.443292954963226,0.6992516855732405,2,MEDIUM,MR4,38.0,0.8674575138888889,13.0,15.131315540747972,43.80618000487728,39.81925142302098,OK,HIGH,7.0
2027-11-29,48,MR6,4748.0,0.10681186699683577,507.1427445009762,1.1056111432011564,2,MEDIUM,MR6,154.0,0.09611902077151334,13.0,48.746063992811614,1602.1802840259559,31.653288307020528,OK,HIGH,8.0
2027-11-29,48,MR8,4748.0,0.004765964000039294,22.62879707218657,0.7998185281679304,2,MEDIUM,MR8,30.8,0.0878110477582846,7.0,1.9870583804183055,350.7531317105159,6.4514882481113816,OK,HIGH,9.0
2027-11-29,48,MR9,4748.0,0.003881882829253224,18.431179673294306,1.029897459716317,2,MEDIUM,MR9,122.8,0.1485112007168459,13.0,2.737236623908861,826.87365940925,2.229020052043046,OK,HIGH,10.0
2027-11-29,48,MR12,4748.0,0.0033615063077381394,15.960431949140686,1.1150533497106832,2,MEDIUM,,,,,,,,NO_DATA,LOW,
2027-11-29,48,MR14,4748.0,0.0018836345931446622,8.943497048250856,0.9988972654303316,2,MEDIUM,,,,,,,,NO_DATA,LOW,
2027-12-06,49,MR1,5404.0,0.00647733636894769,35.00352573779332,0.9152861207714196,2,MEDIUM,MR1,106.61,5.663263549382716,13.0,198.23419141072463,18.824834668275376,185.94333684525338,HIGH,HIGH,1.0
2027-12-06,49,MR11,5404.0,0.09039637027788805,488.50198498170704,1.8168193565928297,2,MEDIUM,MR11,76.5,0.26795746527777775,13.0,130.89775367886128,285.4930722706172,171.1081747436095,HIGH,HIGH,2.0
2027-12-06,49,MR7,5404.0,0.5854882376654592,3163.9784363441418,1.3253633717896234,2,MEDIUM,MR7,269.0,0.09482124222436723,13.0,300.01236570526254,2836.91706298773,111.5287604852277,HIGH,HIGH,3.0
2027-12-06,49,MR5,5404.0,0.12979607882449629,701.418009967578,1.0693238657409405,2,MEDIUM,MR5,229.5,0.2931391912262873,13.0,205.6131081534477,782.904527504269,89.59176825858289,OK,HIGH,4.0
2027-12-06,49,MR4,5404.0,0.005628206880373911,30.414829981540617,1.2381800541713388,2,MEDIUM,MR4,38.0,0.8674575138888889,13.0,26.383572801140463,43.80618000487728,69.43045473984333,OK,HIGH,5.0
2027-12-06,49,MR3,5404.0,0.05370831006344183,290.2397075828396,1.1151332413812085,2,MEDIUM,MR3,146.3,0.2787262201058201,13.0,80.89741661918342,524.8878270026277,55.29556843416501,OK,HIGH,6.0
2027-12-06,49,MR2,5404.0,0.025983527733893622,140.41498387396115,1.043016456091749,2,MEDIUM,MR2,192.0,0.43565317973856205,13.0,61.17223420763009,440.7175453538989,31.860538649807342,OK,HIGH,7.0
2027-12-06,49,MR6,5404.0,0.08926776043686173,482.4029774008008,1.068010527482952,2,MEDIUM,MR6,154.0,0.09611902077151334,13.0,46.36810180502745,1602.1802840259559,30.109157016251594,OK,HIGH,8.0
2027-12-06,49,MR8,5404.0,0.006212799974435766,33.573971061850884,1.205108272886941,2,MEDIUM,MR8,30.8,0.0878110477582846,7.0,2.9481655763474532,350.7531317105159,9.57196615697225,OK,HIGH,9.0
2027-12-06,49,MR9,5404.0,0.003454852421915999,18.67002248803406,1.0594465682946872,2,MEDIUM,MR9,122.8,0.1485112007168459,13.0,2.772707457108453,826.87365940925,2.2579050953651896,OK,HIGH,10.0
2027-12-06,49,MR12,5404.0,0.0025213166646792123,13.625195255926464,0.9666897281458571,2,MEDIUM,,,,,,,,NO_DATA,LOW,
2027-12-06,49,MR14,5404.0,0.0010652026876066716,5.756355323826453,0.6529116433926053,2,MEDIUM,,,,,,,,NO_DATA,LOW,
2027-12-13,50,MR1,4287.0,0.01172618495963781,50.2701549219673,1.472261430042936,2,MEDIUM,MR1,106.61,5.663263549382716,13.0,284.6931359913995,18.824834668275376,267.0416808849072,HIGH,HIGH,1.0
2027-12-13,50,MR11,4287.0,0.08063505802652166,345.68249375969833,1.439966627237612,2,MEDIUM,MR11,76.5,0.26795746527777775,13.0,92.62820481874999,285.4930722706172,121.08262067810456,HIGH,HIGH,2.0
2027-12-13,50,MR7,4287.0,0.5728362006342762,2455.7487921191423,1.1521658891340003,2,MEDIUM,MR7,269.0,0.09482124222436723,13.0,232.85715105972645,2836.91706298773,86.56399667647824,OK,HIGH,3.0
2027-12-13,50,MR5,4287.0,0.14077009095509857,603.4813799245076,1.0304474451108399,2,MEDIUM,MR5,229.5,0.2931391912262873,13.0,176.90404363119396,782.904527504269,77.08237195258995,OK,HIGH,4.0
2027-12-13,50,MR3,4287.0,0.0660462952922153,283.140467917727,1.2184325845402686,2,MEDIUM,MR3,146.3,0.2787262201058201,13.0,78.91867238170127,524.8878270026277,53.94304332310408,OK,HIGH,5.0
2027-12-13,50,MR4,4287.0,0.004096975621625945,17.563734489910427,0.800838417963915,2,MEDIUM,MR4,38.0,0.8674575138888889,13.0,15.235793455222232,43.80618000487728,40.0941933032164,OK,HIGH,6.0
2027-12-13,50,MR6,4287.0,0.08779483070266808,376.37643922233804,0.9332921401396241,2,MEDIUM,MR6,154.0,0.09611902077151334,13.0,36.17693477952014,1602.1802840259559,23.491516090597493,OK,HIGH,7.0
2027-12-13,50,MR2,4287.0,0.01990977631402037,85.35321105820532,0.7101125621429668,2,MEDIUM,MR2,192.0,0.43565317973856205,13.0,37.184397798403744,440.7175453538989,19.366873853335285,OK,HIGH,8.0
2027-12-13,50,MR8,4287.0,0.009554634071441682,40.96071626427049,1.6467228946349073,2,MEDIUM,MR8,30.8,0.0878110477582846,7.0,3.596803412095401,350.7531317105159,11.677933156153898,OK,HIGH,9.0
2027-12-13,50,MR9,4287.0,0.0031464874255366826,13.488991593275758,0.8573207331451642,2,MEDIUM,MR9,122.8,0.1485112007168459,13.0,2.003266337976823,826.87365940925,1.6313243794599537,OK,HIGH,10.0
2027-12-13,50,MR12,4287.0,0.0023387413254403414,10.026184062162743,0.7967272431296524,2,MEDIUM,,,,,,,,NO_DATA,LOW,
2027-12-13,50,MR14,4287.0,0.001144724671517559,4.907434666795775,0.6234347000880067,2,MEDIUM,,,,,,,,NO_DATA,LOW,
2027-12-20,51,MR1,3354.0,0.005682417303052896,19.05882763443941,0.720791306742272,2,MEDIUM,MR1,106.61,5.663263549382716,13.0,107.93516383608872,18.824834668275376,101.24300144084863,TIGHT,HIGH,1.0
2027-12-20,51,MR7,3354.0,0.5727288439698038,1920.932542674722,1.1638093313251814,2,MEDIUM,MR7,269.0,0.09482124222436723,13.0,182.14520992562947,2836.91706298773,67.71197395004813,OK,HIGH,2.0
2027-12-20,51,MR11,3354.0,0.0493802805551913,165.6214609821116,0.8909027482624131,2,MEDIUM,MR11,76.5,0.26795746527777775,13.0,44.37950688036899,285.4930722706172,58.01242729459999,OK,HIGH,3.0
2027-12-20,51,MR5,3354.0,0.13382856883277586,448.86101986513023,0.9897203741224447,2,MEDIUM,MR5,229.5,0.2931391912262873,13.0,131.57875633627074,782.904527504269,57.332791431926246,OK,HIGH,4.0
2027-12-20,51,MR3,3354.0,0.061657684867060476,206.79987504412082,1.1491811087316037,2,MEDIUM,MR3,146.3,0.2787262201058201,13.0,57.640547489403716,524.8878270026277,39.398870464390775,OK,HIGH,5.0
2027-12-20,51,MR4,3354.0,0.004289048461591484,14.385468540177838,0.8470142054142213,2,MEDIUM,MR4,38.0,0.8674575138888889,13.0,12.478782775989492,43.80618000487728,32.83890204207761,OK,HIGH,6.0
2027-12-20,51,MR6,3354.0,0.12304983325898602,412.7091407506391,1.3215326995457217,2,MEDIUM,MR6,154.0,0.09611902077151334,13.0,39.669198472404105,1602.1802840259559,25.759219787275395,OK,HIGH,7.0
2027-12-20,51,MR2,3354.0,0.031632664222862025,106.09595580347923,1.1398423992475992,2,MEDIUM,MR2,192.0,0.43565317973856205,13.0,46.22104050318767,440.7175453538989,24.073458595410248,OK,HIGH,8.0
2027-12-20,51,MR8,3354.0,0.008440660849587934,28.30997648951793,1.4697082654582694,2,MEDIUM,MR8,30.8,0.0878110477582846,7.0,2.4859286975569734,350.7531317105159,8.071197069990173,OK,HIGH,9.0
2027-12-20,51,MR9,3354.0,0.005043914864226214,16.917290454614722,1.3884597520454465,2,MEDIUM,MR9,122.8,0.1485112007168459,13.0,2.512407118290468,826.87365940925,2.0459341354156906,OK,HIGH,10.0
2027-12-20,51,MR12,3354.0,0.002409790322317694,8.082436741053545,0.8293826676335223,2,MEDIUM,,,,,,,,NO_DATA,LOW,
2027-12-20,51,MR14,3354.0,0.0018562924925442283,6.226005019993342,1.021373434700088,2,MEDIUM,,,,,,,,NO_DATA,LOW,
2027-12-27,52,MR1,2779.0,0.009272680680810046,25.768779611971116,0.8994600879116397,1,LOW,MR1,106.61,5.663263549382716,13.0,145.9353902885525,18.824834668275376,136.8871496937928,HIGH,HIGH,1.0
2027-12-27,52,MR11,2779.0,0.0617674987713236,171.65187908550828,0.8521909884556728,1,LOW,MR11,76.5,0.26795746527777775,13.0,45.99540242992039,285.4930722706172,60.12470905871946,OK,HIGH,2.0
2027-12-27,52,MR7,2779.0,0.5533161617453858,1537.6656134904272,0.8598175620305059,1,LOW,MR7,269.0,0.09482124222436723,13.0,145.80336359685603,2836.91706298773,54.20199390217696,OK,HIGH,3.0
2027-12-27,52,MR5,2779.0,0.15259110190079114,424.05067218229857,0.8629647629927959,1,LOW,MR5,229.5,0.2931391912262873,13.0,124.30587108248248,782.904527504269,54.1637782494477,OK,HIGH,4.0
2027-12-27,52,MR4,2779.0,0.005660620444000013,15.730864213876036,0.8548579458577856,1,LOW,MR4,38.0,0.8674575138888889,13.0,13.645856362292596,43.80618000487728,35.91014832182262,OK,HIGH,5.0
2027-12-27,52,MR3,2779.0,0.06193679018499458,172.12233992409995,0.8827752236936771,1,LOW,MR3,146.3,0.2787262201058201,13.0,47.97500920281347,524.8878270026277,32.792214082579264,OK,HIGH,6.0
2027-12-27,52,MR2,2779.0,0.03189774505373707,88.64383350433532,0.8789601696721694,1,LOW,MR2,192.0,0.43565317973856205,13.0,38.617967930379365,440.7175453538989,20.113524963739252,OK,HIGH,7.0
2027-12-27,52,MR6,2779.0,0.10776366690247906,299.47523032198933,0.8850532913251209,1,LOW,MR6,154.0,0.09611902077151334,13.0,28.785265883873034,1602.1802840259559,18.69173109342405,OK,HIGH,8.0
2027-12-27,52,MR8,2779.0,0.006405179118299953,17.79999276975557,0.8528764877241204,1,LOW,MR8,30.8,0.0878110477582846,7.0,1.563036015202127,350.7531317105159,5.074792257149763,OK,HIGH,9.0
2027-12-27,52,MR9,2779.0,0.004134132759196825,11.488754937807975,0.8702622458823109,1,LOW,MR9,122.8,0.1485112007168459,13.0,1.7062087905554546,826.87365940925,1.3894208392145395,OK,HIGH,10.0
2027-12-27,52,MR12,2779.0,0.003229557712328719,8.97494088256151,0.85,1,LOW,,,,,,,,NO_DATA,LOW,
2027-12-27,52,MR14,2779.0,0.0020248647266532917,5.627099075369498,0.8519896936730604,1,LOW,,,,,,,,NO_DATA,LOW,
